ts_code,name,up_limit_times
002717.SZ,岭南股份,41
002693.SZ,双成药业,40
600889.SH,南京化纤,32
002713.SZ,东易日盛,32
600589.SH,大位科技,31
002640.SZ,跨境通,31
002861.SZ,瀛通通讯,30
002583.SZ,海能达,29
000062.SZ,深圳华强,28
600187.SH,国中水务,27
000536.SZ,华映科技,27
000016.SZ,深康佳A,27
000880.SZ,潍柴重机,27
600650.SH,锦江在线,27
002251.SZ,步步高,26
002272.SZ,川润股份,26
002094.SZ,青岛金王,26
002369.SZ,卓翼科技,25
000759.SZ,中百集团,25
600666.SH,奥瑞德,25
000158.SZ,常山北明,24
002685.SZ,华东重机,24
000981.SZ,山子高科,24
600303.SH,曙光股份,23
603958.SH,哈森股份,23
603117.SH,万林物流,23
000679.SZ,大连友谊,23
000004.SZ,国华网安,23
002031.SZ,巨轮智能,23
002816.SZ,和科达,23
000859.SZ,国风新材,23
600340.SH,华夏幸福,23
603268.SH,松发股份,23
603389.SH,亚振家居,23
600843.SH,上工申贝,22
002529.SZ,海源复材,22
000627.SZ,天茂集团,22
002700.SZ,新疆浩源,22
002667.SZ,威领股份,22
600624.SH,复旦复华,22
002403.SZ,爱仕达,22
601086.SH,国芳集团,22
002175.SZ,东方智造,22
601933.SH,永辉超市,22
000882.SZ,华联股份,21
600530.SH,交大昂立,21
600881.SH,亚泰集团,21
002691.SZ,冀凯股份,20
603825.SH,华扬联众,20
002542.SZ,中化岩土,20
603887.SH,城地香江,20
002122.SZ,汇洲智能,20
000678.SZ,襄阳轴承,20
603366.SH,日出东方,20
603106.SH,恒银科技,20
600611.SH,大众交通,20
600778.SH,友好集团,20
000595.SZ,宝塔实业,20
603716.SH,塞力医疗,20
000980.SZ,众泰汽车,20
000056.SZ,皇庭国际,19
603955.SH,大千生态,19
603188.SH,亚邦股份,19
002131.SZ,利欧股份,19
600579.SH,中化装备,19
603666.SH,亿嘉和,19
000520.SZ,凤凰航运,19
002261.SZ,拓维信息,19
000564.SZ,供销大集,19
002427.SZ,尤夫股份,19
000953.SZ,河化股份,19
600693.SH,东百集团,19
600421.SH,华嵘控股,19
600841.SH,动力新科,19
002570.SZ,贝因美,19
603991.SH,至正股份,19
002730.SZ,电光科技,19
603166.SH,福达股份,19
603900.SH,莱绅通灵,19
600590.SH,泰豪科技,19
600839.SH,四川长虹,19
603038.SH,华立股份,18
603626.SH,科森科技,18
002607.SZ,中公教育,18
600622.SH,光大嘉宝,18
600193.SH,创兴资源,18
002076.SZ,星光股份,18
002086.SZ,东方海洋,18
002629.SZ,仁智股份,18
000903.SZ,云内动力,18
600653.SH,申华控股,18
603803.SH,瑞斯康达,18
600686.SH,金龙汽车,18
600550.SH,保变电气,18
002501.SZ,利源股份,18
002313.SZ,日海智能,18
605179.SH,一鸣食品,18
603030.SH,全筑股份,18
002269.SZ,美邦服饰,18
002253.SZ,川大智胜,18
600619.SH,海立股份,18
603278.SH,大业股份,18
002178.SZ,延华智能,18
002582.SZ,好想你,18
600355.SH,精伦电子,18
600292.SH,远达环保,18
002596.SZ,海南瑞泽,18
600375.SH,汉马科技,17
000702.SZ,正虹科技,17
000560.SZ,我爱我家,17
600203.SH,福日电子,17
002418.SZ,康盛股份,17
605398.SH,新炬网络,17
003021.SZ,兆威机电,17
002829.SZ,星网宇达,17
600172.SH,黄河旋风,17
600171.SH,上海贝岭,17
002347.SZ,泰尔股份,17
002265.SZ,建设工业,17
001212.SZ,中旗新材,17
603196.SH,日播时尚,17
002611.SZ,东方精工,17
600126.SH,杭钢股份,17
603068.SH,博通集成,17
600543.SH,莫高股份,17
002323.SZ,雅博股份,17
000573.SZ,粤宏远A,17
001298.SZ,好上好,17
000566.SZ,海南海药,16
600280.SH,中央商场,16
002165.SZ,红宝丽,16
600192.SH,长城电工,16
002547.SZ,春兴精工,16
001379.SZ,腾达科技,16
000712.SZ,锦龙股份,16
000833.SZ,粤桂股份,16
600797.SH,浙大网新,16
603015.SH,弘讯科技,16
002868.SZ,绿康生化,16
002058.SZ,威尔泰,16
002520.SZ,日发精机,16
002354.SZ,天娱数科,16
600410.SH,华胜天成,16
002622.SZ,皓宸医疗,16
605488.SH,福莱新材,16
603390.SH,通达电气,16
002549.SZ,凯美特气,16
600676.SH,交运股份,15
600807.SH,济高发展,15
001696.SZ,宗申动力,15
000820.SZ,神雾节能,15
603042.SH,华脉科技,15
002134.SZ,天津普林,15
000796.SZ,凯撒旅业,15
002123.SZ,梦网科技,15
603859.SH,能科科技,15
000670.SZ,盈方微,15
000717.SZ,中南股份,15
000716.SZ,黑芝麻,15
600520.SH,三佳科技,15
600322.SH,津投城开,15
600979.SH,广安爱众,15
601162.SH,天风证券,15
002187.SZ,广百股份,15
002553.SZ,南方精工,15
002278.SZ,神开股份,15
002564.SZ,天沃科技,15
603918.SH,金桥信息,15
300561.SZ,汇金科技,15
002285.SZ,世联行,15
605069.SH,正和生态,15
002193.SZ,如意集团,15
600198.SH,大唐电信,15
603988.SH,中电电机,15
603667.SH,五洲新春,15
002599.SZ,盛通股份,15
002593.SZ,日上集团,15
605100.SH,华丰股份,15
600545.SH,卓郎智能,14
002453.SZ,华软科技,14
603079.SH,圣达生物,14
000710.SZ,贝瑞基因,14
002095.SZ,生意宝,14
002789.SZ,建艺集团,14
601727.SH,上海电气,14
002211.SZ,宏达新材,14
002628.SZ,成都路桥,14
605199.SH,葫芦娃,14
002227.SZ,奥特迅,14
601020.SH,华钰矿业,14
603777.SH,来伊份,14
002232.SZ,启明信息,14
605178.SH,时空科技,14
002514.SZ,宝馨科技,14
600610.SH,中毅达,14
002862.SZ,实丰文化,14
603421.SH,鼎信通讯,14
600793.SH,宜宾纸业,14
000785.SZ,居然智家,14
002896.SZ,中大力德,14
603598.SH,引力传媒,14
002277.SZ,友阿股份,14
600345.SH,长江通信,14
603110.SH,东方材料,14
002146.SZ,荣盛发展,14
002426.SZ,胜利精密,14
002137.SZ,实益达,14
600571.SH,信雅达,14
002364.SZ,中恒电气,14
002657.SZ,中科金财,14
000620.SZ,新华联,14
002670.SZ,国盛金控,14
000958.SZ,电投产融,14
000668.SZ,荣丰控股,14
002741.SZ,光华科技,14
000816.SZ,智慧农业,14
002103.SZ,广博股份,13
002181.SZ,粤传媒,13
002036.SZ,联创电子,13
000628.SZ,高新发展,13
000518.SZ,四环生物,13
002681.SZ,奋达科技,13
000503.SZ,国新健康,13
002530.SZ,金财互联,13
600539.SH,狮头股份,13
603516.SH,淳中科技,13
600601.SH,方正科技,13
600501.SH,航天晨光,13
600593.SH,大连圣亚,13
600505.SH,西昌电力,13
603978.SH,深圳新星,13
601177.SH,杭齿前进,13
003005.SZ,竞业达,13
002305.SZ,南国置业,13
000818.SZ,航锦科技,13
002527.SZ,新时达,13
002851.SZ,麦格米特,13
003026.SZ,中晶科技,13
603843.SH,正平股份,13
002513.SZ,蓝丰生化,13
600206.SH,有研新材,13
000692.SZ,惠天热电,13
000555.SZ,神州信息,13
601929.SH,吉视传媒,13
002995.SZ,天地在线,13
002765.SZ,蓝黛科技,13
002115.SZ,三维通信,13
003001.SZ,中岩大地,13
603336.SH,宏辉果蔬,13
603359.SH,东珠生态,13
002195.SZ,岩山科技,13
603776.SH,永安行,13
605218.SH,伟时电子,13
603928.SH,兴业股份,13
600714.SH,金瑞矿业,13
605208.SH,永茂泰,13
603863.SH,松炀资源,13
600227.SH,赤天化,13
002512.SZ,达华智能,13
002229.SZ,鸿博股份,13
600692.SH,亚通股份,13
603739.SH,蔚蓝生物,13
000995.SZ,皇台酒业,13
603893.SH,瑞芯微,13
002899.SZ,英派斯,13
603171.SH,税友股份,12
002888.SZ,惠威科技,12
000839.SZ,中信国安,12
000856.SZ,冀东装备,12
000006.SZ,深振业A,12
600678.SH,四川金顶,12
301182.SZ,凯旺科技,12
600712.SH,南宁百货,12
600654.SH,中安科,12
300892.SZ,品渥食品,12
300061.SZ,旗天科技,12
600743.SH,华远地产,12
603086.SH,先达股份,12
002348.SZ,高乐股份,12
000892.SZ,欢瑞世纪,12
000058.SZ,深赛格,12
003015.SZ,日久光电,12
000066.SZ,中国长城,12
002312.SZ,川发龙蟒,12
600817.SH,宇通重工,12
003033.SZ,征和工业,12
600825.SH,新华传媒,12
002085.SZ,万丰奥威,12
002047.SZ,宝鹰股份,12
002843.SZ,泰嘉股份,12
002055.SZ,得润电子,12
600865.SH,百大集团,12
002231.SZ,奥维通信,12
603458.SH,勘设股份,12
002952.SZ,亚世光电,12
002827.SZ,高争民爆,12
600397.SH,安源煤业,12
002630.SZ,华西能源,12
603256.SH,宏和科技,12
600490.SH,鹏欣资源,12
002633.SZ,申科股份,12
002757.SZ,南兴股份,12
600336.SH,澳柯玛,12
600228.SH,返利科技,12
600318.SH,新力金融,12
600239.SH,云南城投,12
002184.SZ,海得控制,12
000626.SZ,远大控股,12
002712.SZ,思美传媒,12
002177.SZ,御银股份,12
603429.SH,集友股份,12
600981.SH,汇鸿集团,12
603300.SH,海南华铁,12
601011.SH,宝泰隆,12
603002.SH,宏昌电子,12
603956.SH,威派格,12
603985.SH,恒润股份,12
000801.SZ,四川九洲,12
600506.SH,统一股份,12
002016.SZ,世荣兆业,12
000421.SZ,南京公用,12
603949.SH,雪龙集团,12
603016.SH,新宏泰,12
002410.SZ,广联达,11
002689.SZ,远大智能,11
002766.SZ,索菱股份,11
603677.SH,奇精机械,11
002423.SZ,中粮资本,11
002196.SZ,方正电机,11
603580.SH,艾艾精工,11
600719.SH,大连热电,11
300085.SZ,银之杰,11
002279.SZ,久其软件,11
601789.SH,宁波建工,11
002400.SZ,省广集团,11
002105.SZ,信隆健康,11
002291.SZ,遥望科技,11
002979.SZ,雷赛智能,11
002981.SZ,朝阳科技,11
001267.SZ,汇绿生态,11
603662.SH,柯力传感,11
002779.SZ,中坚科技,11
002786.SZ,银宝山新,11
002881.SZ,美格智能,11
603063.SH,禾望电气,11
600800.SH,渤海化学,11
001239.SZ,永达股份,11
002248.SZ,华东数控,11
003029.SZ,吉大正元,11
002383.SZ,合众思壮,11
002820.SZ,桂发祥,11
603536.SH,惠发食品,11
600936.SH,广西广电,11
002526.SZ,山东矿机,11
002806.SZ,华锋股份,11
002335.SZ,科华数据,11
601777.SH,千里科技,11
600770.SH,综艺股份,11
002213.SZ,大为股份,11
600753.SH,庚星股份,11
002164.SZ,宁波东力,11
002387.SZ,维信诺,11
600182.SH,S佳通,11
600326.SH,西藏天路,11
000010.SZ,美丽生态,11
600644.SH,乐山电力,11
600337.SH,美克家居,11
603773.SH,沃格光电,11
603990.SH,麦迪科技,11
000677.SZ,恒天海龙,11
603883.SH,老百姓,11
000681.SZ,视觉中国,11
603214.SH,爱婴室,11
600629.SH,华建集团,11
600481.SH,双良节能,11
600156.SH,华升股份,11
000695.SZ,滨海能源,11
600120.SH,浙江东方,11
000504.SZ,南华生物,11
600107.SH,美尔雅,11
600105.SH,永鼎股份,11
600327.SH,大东方,11
600439.SH,瑞贝卡,11
603789.SH,星光农机,11
600250.SH,南京商旅,11
603118.SH,共进股份,11
000815.SZ,美利云,11
600527.SH,江南高纤,11
000558.SZ,天府文旅,11
000795.SZ,英洛华,11
600255.SH,鑫科材料,11
000810.SZ,创维数字,11
605033.SH,美邦股份,11
000826.SZ,启迪环境,11
002889.SZ,东方嘉盛,10
603039.SH,泛微网络,10
002037.SZ,保利联合,10
603286.SH,日盈电子,10
603315.SH,福鞍股份,10
002575.SZ,群兴玩具,10
603004.SH,鼎龙科技,10
002580.SZ,圣阳股份,10
600101.SH,明星电力,10
600463.SH,空港股份,10
002915.SZ,中欣氟材,10
603583.SH,捷昌驱动,10
002912.SZ,中新赛克,10
603657.SH,春光科技,10
601010.SH,文峰股份,10
002869.SZ,金溢科技,10
002878.SZ,元隆雅图,10
603011.SH,合锻智能,10
600844.SH,丹化科技,10
002905.SZ,金逸影视,10
002021.SZ,中捷资源,10
002838.SZ,道恩股份,10
603679.SH,华体科技,10
002276.SZ,万马股份,10
600851.SH,海欣股份,10
603189.SH,网达软件,10
000514.SZ,渝开发,10
600869.SH,远东股份,10
002163.SZ,海南发展,10
002719.SZ,麦趣尔,10
002208.SZ,合肥城建,10
000619.SZ,海螺新材,10
002708.SZ,光洋股份,10
600281.SH,华阳新材,10
002692.SZ,远程股份,10
000605.SZ,渤海股份,10
002631.SZ,德尔未来,10
600965.SH,福成股份,10
600272.SH,开开实业,10
603232.SH,格尔软件,10
002654.SZ,万润科技,10
603238.SH,诺邦股份,10
000586.SZ,汇源通信,10
002725.SZ,跃岭股份,10
000639.SZ,西王食品,10
002247.SZ,聚力文化,10
603270.SH,金帝股份,10
002823.SZ,凯中精密,10
600403.SH,大有能源,10
002811.SZ,郑中设计,10
600386.SH,北巴传媒,10
001319.SZ,铭科精技,10
603881.SH,数据港,10
002767.SZ,先锋电子,10
600186.SH,莲花控股,10
002760.SZ,凤形股份,10
000533.SZ,顺钠股份,10
603215.SH,比依股份,10
000665.SZ,湖北广电,10
600178.SH,东安动力,10
002130.SZ,沃尔核材,10
600824.SH,益民集团,10
000592.SZ,平潭发展,10
600561.SH,江西长运,10
603320.SH,迪贝电气,10
002402.SZ,和而泰,10
000008.SZ,神州高铁,10
603095.SH,越剑智能,10
603728.SH,鸣志电器,10
603123.SH,翠微股份,10
003030.SZ,祖名股份,10
603721.SH,中广天择,10
605228.SH,神通科技,10
600635.SH,大众公用,10
002361.SZ,神剑股份,10
001209.SZ,洪兴股份,10
001269.SZ,欧晶科技,10
600602.SH,云赛智联,10
605336.SH,帅丰电器,10
600620.SH,天宸股份,10
003042.SZ,中农联合,10
605258.SH,协和电子,10
600787.SH,中储股份,10
002339.SZ,积成电子,10
600789.SH,鲁抗医药,10
001236.SZ,弘业期货,10
002374.SZ,中锐股份,10
603090.SH,宏盛股份,10
600665.SH,天地源,10
603607.SH,京华激光,10
002397.SZ,梦洁股份,10
001316.SZ,润贝航科,10
600705.SH,中航产融,10
002456.SZ,欧菲光,10
600724.SH,宁波富达,9
300152.SZ,新动力,9
603269.SH,海鸥股份,9
600774.SH,汉商集团,9
300622.SZ,博士眼镜,9
600363.SH,联创光电,9
600130.SH,波导股份,9
600679.SH,上海凤凰,9
002093.SZ,国脉科技,9
600370.SH,三房巷,9
600376.SH,首开股份,9
002796.SZ,世嘉科技,9
002207.SZ,准油股份,9
603496.SH,恒为科技,9
000957.SZ,中通客车,9
600390.SH,五矿资本,9
600939.SH,重庆建工,9
600992.SH,贵绳股份,9
002428.SZ,云南锗业,9
603072.SH,天和磁材,9
605086.SH,龙高股份,9
600698.SH,湖南天雁,9
002715.SZ,登云股份,9
600246.SH,万通发展,9
002065.SZ,东华软件,9
300386.SZ,飞天诚信,9
603386.SH,骏亚科技,9
600868.SH,梅雁吉祥,9
603360.SH,百傲化学,9
002173.SZ,创新医疗,9
000572.SZ,海马汽车,9
002769.SZ,普路通,9
600658.SH,电子城,9
603511.SH,爱慕股份,9
600316.SH,洪都航空,9
301036.SZ,双乐股份,9
603767.SH,中马传动,9
603682.SH,锦和商管,9
000567.SZ,海德股份,9
002694.SZ,顾地科技,9
603737.SH,三棵树,9
600657.SH,信达地产,9
002127.SZ,南极电商,9
002162.SZ,悦心健康,9
603261.SH,立航科技,9
002219.SZ,新里程,9
002620.SZ,瑞和股份,9
000965.SZ,天保基建,9
600721.SH,百花医药,9
002743.SZ,富煌钢构,9
000948.SZ,南天信息,9
603088.SH,宁波精达,9
000973.SZ,佛塑科技,9
002759.SZ,天际股份,9
002366.SZ,融发核电,9
002416.SZ,爱施德,9
002377.SZ,国创高新,9
603506.SH,南都物业,9
002634.SZ,棒杰股份,9
603099.SH,长白山,9
000949.SZ,新乡化纤,9
600588.SH,用友网络,9
002866.SZ,传艺科技,9
002571.SZ,德力股份,9
002298.SZ,中电鑫龙,9
002535.SZ,林州重机,9
002987.SZ,京北方,9
000409.SZ,云鼎科技,9
600855.SH,航天长峰,9
002929.SZ,润建股份,9
002927.SZ,泰永长征,9
000868.SZ,安凯客车,9
003010.SZ,若羽臣,9
300333.SZ,兆日科技,9
002329.SZ,皇氏集团,9
603778.SH,国晟科技,9
601008.SH,连云港,9
002892.SZ,科力尔,9
688693.SH,锴威特,9
000402.SZ,金融街,9
603809.SH,豪能股份,9
002900.SZ,哈三联,9
002006.SZ,精工科技,9
603306.SH,华懋科技,9
605188.SH,国光连锁,9
001380.SZ,华纬科技,9
605060.SH,联德股份,9
002917.SZ,金奥博,9
600076.SH,康欣新材,9
603656.SH,泰禾智能,9
603717.SH,天域生物,9
000753.SZ,漳州发展,9
300377.SZ,赢时胜,9
300256.SZ,星星科技,9
600826.SH,兰生股份,9
603316.SH,诚邦股份,9
002848.SZ,高斯贝尔,9
002467.SZ,二六三,9
002577.SZ,雷柏科技,9
001330.SZ,博纳影业,9
603839.SH,安正时尚,9
002857.SZ,三晖电气,9
600609.SH,金杯汽车,9
000750.SZ,国海证券,9
002045.SZ,国光电器,9
001306.SZ,夏厦精密,9
001339.SZ,智微智能,9
002865.SZ,钧达股份,9
603838.SH,四通股份,9
000813.SZ,德展健康,9
601798.SH,蓝科高新,8
002210.SZ,飞马国际,8
603655.SH,朗博科技,8
002290.SZ,禾盛新材,8
300746.SZ,汉嘉设计,8
002307.SZ,北新路桥,8
600221.SH,海航控股,8
605066.SH,天正电气,8
603585.SH,苏利股份,8
600208.SH,衢州发展,8
002302.SZ,西部建设,8
605136.SH,丽人丽妆,8
300822.SZ,贝仕达克,8
002636.SZ,金安国纪,8
002638.SZ,勤上股份,8
605080.SH,浙江自然,8
000099.SZ,中信海直,8
605081.SH,太和水,8
600207.SH,安彩高科,8
601519.SH,大智慧,8
300807.SZ,天迈科技,8
002194.SZ,武汉凡谷,8
601616.SH,广电电气,8
600191.SH,华资实业,8
000510.SZ,新金路,8
603333.SH,尚纬股份,8
605376.SH,博迁新材,8
600128.SH,苏豪弘业,8
605303.SH,园林股份,8
600986.SH,浙文互联,8
002600.SZ,领益智造,8
603660.SH,苏州科达,8
600117.SH,西宁特钢,8
603324.SH,盛剑科技,8
002243.SZ,力合科创,8
002469.SZ,三维化学,8
301326.SZ,捷邦科技,8
603950.SH,长源东谷,8
002581.SZ,未名医药,8
002342.SZ,巨力索具,8
002449.SZ,国星光电,8
002474.SZ,榕基软件,8
603931.SH,格林达,8
603618.SH,杭电股份,8
002480.SZ,新筑股份,8
002510.SZ,天汽模,8
605018.SH,长华集团,8
002552.SZ,宝鼎科技,8
002321.SZ,华英农业,8
603602.SH,纵横通信,8
600185.SH,格力地产,8
603305.SH,旭升集团,8
002495.SZ,佳隆股份,8
603267.SH,鸿远电子,8
603636.SH,南威软件,8
000532.SZ,华金资本,8
002562.SZ,兄弟科技,8
002482.SZ,广田集团,8
603353.SH,和顺石油,8
000020.SZ,深华发A,8
002246.SZ,北化股份,8
002117.SZ,东港股份,8
600249.SH,两面针,8
600503.SH,华丽家族,8
603009.SH,北特科技,8
603823.SH,百合花,8
000761.SZ,本钢板材,8
001258.SZ,立新能源,8
300344.SZ,立方数科,8
603001.SH,奥康国际,8
603155.SH,新亚强,8
300211.SZ,亿通科技,8
600470.SH,六国化工,8
600860.SH,京城股份,8
000886.SZ,海南高速,8
600615.SH,丰华股份,8
000890.SZ,法尔胜,8
002846.SZ,英联股份,8
001229.SZ,魅视科技,8
300380.SZ,安硕信息,8
002982.SZ,湘佳股份,8
002819.SZ,东方中科,8
002802.SZ,洪汇新材,8
003041.SZ,真爱美家,8
002800.SZ,天顺股份,8
603819.SH,神力股份,8
603813.SH,原尚股份,8
600383.SH,金地集团,8
600847.SH,万里股份,8
001314.SZ,亿道信息,8
002970.SZ,锐明技术,8
600556.SH,天下秀,8
002992.SZ,宝明科技,8
300245.SZ,天玑科技,8
603048.SH,浙江黎明,8
002945.SZ,华林证券,8
600838.SH,上海九百,8
001287.SZ,中电港,8
300287.SZ,飞利信,8
000803.SZ,山高环能,8
000799.SZ,酒鬼酒,8
002923.SZ,润都股份,8
002919.SZ,名臣健康,8
001389.SZ,广合科技,8
600592.SH,龙溪股份,8
002910.SZ,庄园牧场,8
603398.SH,沐邦高科,8
603032.SH,德新科技,8
600606.SH,绿地控股,8
002009.SZ,天奇股份,8
001217.SZ,华尔泰,8
600405.SH,动力源,8
603127.SH,昭衍新药,8
002729.SZ,好利科技,8
603085.SH,天成自控,8
300077.SZ,国民技术,8
603693.SH,江苏新能,8
600279.SH,重庆港,8
601865.SH,福莱特,8
300071.SZ,福石控股,8
600732.SH,爱旭股份,8
603688.SH,石英股份,8
000676.SZ,智度股份,8
000617.SZ,中油资本,8
002718.SZ,友邦吊顶,8
300489.SZ,光智科技,8
300493.SZ,润欣科技,8
002155.SZ,湖南黄金,8
600302.SH,标准股份,8
603121.SH,华培动力,8
600661.SH,昂立教育,8
600895.SH,张江高科,8
600734.SH,实达集团,8
603882.SH,金域医学,8
600367.SH,红星发展,8
002167.SZ,东方锆业,8
603700.SH,宁水集团,8
603083.SH,剑桥科技,8
002777.SZ,久远银海,8
600892.SH,大晟文化,8
601828.SH,美凯龙,8
603906.SH,龙蟠科技,8
002686.SZ,亿利达,8
002398.SZ,垒知集团,7
002989.SZ,中天精装,7
600689.SH,上海三毛,7
002406.SZ,远东传动,7
002993.SZ,奥海科技,7
300106.SZ,西部牧业,7
003004.SZ,声迅股份,7
600580.SH,卧龙电驱,7
301357.SZ,北方长龙,7
601069.SH,西部黄金,7
300050.SZ,世纪鼎利,7
301001.SZ,凯淳股份,7
600633.SH,浙数文化,7
600775.SH,南京熊猫,7
300917.SZ,特发服务,7
601138.SH,工业富联,7
601136.SH,首创证券,7
603719.SH,良品铺子,7
605378.SH,野马电池,7
605289.SH,罗曼股份,7
003040.SZ,楚天龙,7
605277.SH,新亚电子,7
605266.SH,健之佳,7
002459.SZ,晶澳科技,7
300220.SZ,金运激光,7
603630.SH,拉芳家化,7
603617.SH,君禾股份,7
605588.SH,冠石科技,7
301000.SZ,肇民科技,7
600769.SH,祥龙电业,7
603613.SH,国联股份,7
003016.SZ,欣贺股份,7
600776.SH,东方通信,7
601099.SH,太平洋,7
600796.SH,钱江生化,7
301396.SZ,宏景科技,7
600537.SH,亿晶光电,7
002524.SZ,光正眼科,7
600576.SH,祥源文旅,7
002797.SZ,第一创业,7
002795.SZ,永和智控,7
002793.SZ,罗欣药业,7
600984.SH,建设机械,7
600371.SH,万向德农,7
600353.SH,旭光电子,7
600157.SH,永泰能源,7
002775.SZ,文科股份,7
002617.SZ,露笑科技,7
002625.SZ,光启技术,7
603696.SH,安记食品,7
600343.SH,航天动力,7
603690.SH,至纯科技,7
002735.SZ,王子新材,7
002733.SZ,雄韬股份,7
603686.SH,福龙马,7
600288.SH,大恒科技,7
603683.SH,晶华新材,7
002702.SZ,海欣食品,7
002639.SZ,雪人股份,7
002645.SZ,华宏科技,7
600212.SH,绿能慧充,7
603920.SH,世运电路,7
603901.SH,永创智能,7
002651.SZ,利君股份,7
002688.SZ,金河生物,7
300530.SZ,领湃科技,7
600119.SH,长江投资,7
002805.SZ,丰元股份,7
600396.SH,华电辽能,7
300718.SZ,长盛轴承,7
600828.SH,茂业商业,7
600829.SH,人民同泰,7
600830.SH,香溢融通,7
002946.SZ,新乳业,7
600835.SH,上海机电,7
002933.SZ,新兴装备,7
002537.SZ,海联金汇,7
002931.SZ,锋龙股份,7
600540.SH,新赛股份,7
605006.SH,山东玻纤,7
002682.SZ,龙洲股份,7
002903.SZ,宇环数控,7
002875.SZ,安奈儿,7
002824.SZ,和胜股份,7
600053.SH,九鼎投资,7
600081.SH,东风科技,7
600858.SH,银座股份,7
002574.SZ,明牌珠宝,7
002576.SZ,通达动力,7
002855.SZ,捷荣技术,7
600094.SH,大名城,7
002853.SZ,皮阿诺,7
600467.SH,好当家,7
600866.SH,星湖科技,7
603709.SH,中源家居,7
300399.SZ,天利科技,7
603339.SH,四方科技,7
301066.SZ,万事利,7
002044.SZ,美年健康,7
000096.SZ,广聚能源,7
001282.SZ,三联锻造,7
603178.SH,圣龙股份,7
002067.SZ,景兴纸业,7
002068.SZ,黑猫股份,7
000550.SZ,江铃汽车,7
002072.SZ,凯瑞德,7
000530.SZ,冰山冷热,7
002077.SZ,大港股份,7
000509.SZ,华塑控股,7
603489.SH,八方股份,7
001270.SZ,铖昌科技,7
000415.SZ,渤海租赁,7
002084.SZ,海鸥住工,7
603297.SH,永新光学,7
000151.SZ,中成股份,7
603061.SH,金海通,7
603236.SH,移远通信,7
000597.SZ,东北制药,7
603375.SH,盛景微,7
603200.SH,上海洗霸,7
603595.SH,东尼电子,7
603206.SH,嘉环科技,7
000701.SZ,厦门信达,7
603211.SH,晋拓股份,7
000737.SZ,北方铜业,7
603006.SH,联明股份,7
603185.SH,弘元绿能,7
603219.SH,富佳股份,7
000638.SZ,万方发展,7
001318.SZ,阳光乳业,7
603221.SH,爱丽家居,7
601606.SH,长城军工,7
002255.SZ,海陆重工,7
002356.SZ,赫美集团,7
000721.SZ,西安饮食,7
603586.SH,金麒麟,7
603326.SH,我乐家居,7
002225.SZ,濮耐股份,7
603335.SH,迪生力,7
603122.SH,合富中国,7
000917.SZ,电广传媒,7
603119.SH,浙江荣泰,7
000032.SZ,深桑达A,7
002153.SZ,石基信息,7
002370.SZ,亚太药业,7
002296.SZ,辉煌科技,7
001202.SZ,炬申股份,7
603527.SH,众源新材,7
000042.SZ,中洲控股,7
002133.SZ,广宇集团,7
688656.SH,浩欧博,7
002188.SZ,中天服务,7
603103.SH,横店影视,7
002362.SZ,汉王科技,7
002112.SZ,三变科技,7
000007.SZ,全新好,7
000068.SZ,华控赛格,7
000952.SZ,广济药业,7
002315.SZ,焦点科技,7
600708.SH,光明地产,6
600722.SH,金牛化工,6
002961.SZ,瑞达期货,6
002963.SZ,豪尔赛,6
001333.SZ,光华股份,6
603070.SH,万控智造,6
002975.SZ,博杰股份,6
300010.SZ,豆神教育,6
003037.SZ,三和管桩,6
001234.SZ,泰慕士,6
002949.SZ,华阳国际,6
600794.SH,保税科技,6
600779.SH,水井坊,6
603078.SH,江化微,6
600745.SH,闻泰科技,6
001309.SZ,德明利,6
600738.SH,丽尚国潮,6
300068.SZ,南都电源,6
003003.SZ,天元股份,6
001222.SZ,源飞宠物,6
600802.SH,福建水泥,6
600727.SH,鲁北化工,6
001255.SZ,博菲电气,6
601216.SH,君正集团,6
001366.SZ,播恩集团,6
002161.SZ,远望谷,6
002755.SZ,奥赛康,6
002119.SZ,康强电子,6
002724.SZ,海洋王,6
601881.SH,中国银河,6
002148.SZ,北纬科技,6
002156.SZ,通富微电,6
002697.SZ,红旗连锁,6
002695.SZ,煌上煌,6
603528.SH,多伦科技,6
001368.SZ,通达创智,6
002676.SZ,顺威股份,6
002183.SZ,怡亚通,6
002664.SZ,信质集团,6
002663.SZ,普邦股份,6
002660.SZ,茂硕电源,6
002655.SZ,共达电声,6
002189.SZ,中光学,6
002649.SZ,博彦科技,6
002114.SZ,罗平锌电,6
002761.SZ,浙江建投,6
002762.SZ,金发拉比,6
002778.SZ,中晟高科,6
002921.SZ,联诚精密,6
002902.SZ,铭普光磁,6
600857.SH,宁波中百,6
603005.SH,晶方科技,6
002030.SZ,达安基因,6
002040.SZ,南京港,6
002042.SZ,华孚时尚,6
000955.SZ,欣龙控股,6
002046.SZ,国机精工,6
002856.SZ,美芝股份,6
603712.SH,七一二,6
603711.SH,香飘飘,6
002837.SZ,英维克,6
002799.SZ,环球印务,6
600882.SH,妙可蓝多,6
603499.SH,翔港科技,6
603500.SH,祥和实业,6
600702.SH,舍得酒业,6
603138.SH,海量数据,6
600697.SH,欧亚集团,6
688130.SH,晶华微,6
301378.SZ,通达海,6
605158.SH,华达新材,6
605118.SH,力鼎光电,6
688165.SH,埃夫特-U,6
300766.SZ,每日互动,6
605001.SH,威奥股份,6
603350.SH,安乃达,6
603356.SH,华菱精工,6
600067.SH,冠城新材,6
600078.SH,澄星股份,6
600084.SH,中信尼雅,6
000516.SZ,国际医学,6
000545.SZ,金浦钛业,6
000553.SZ,安道麦A,6
600217.SH,中再资环,6
300551.SZ,古鳌科技,6
603917.SH,合力科技,6
603915.SH,国茂股份,6
300542.SZ,新晨科技,6
300840.SZ,酷特智能,6
301366.SZ,一博科技,6
688660.SH,电气风电,6
605255.SH,天普股份,6
301082.SZ,久盛电气,6
301129.SZ,瑞纳智能,6
301176.SZ,逸豪新材,6
000002.SZ,万科A,6
300968.SZ,格林精密,6
301208.SZ,中亦科技,6
300961.SZ,深水海纳,6
300959.SZ,线上线下,6
300947.SZ,德必集团,6
000021.SZ,深科技,6
300927.SZ,江天化学,6
605388.SH,均瑶健康,6
000025.SZ,特力A,6
605337.SH,李子园,6
301297.SZ,富乐德,6
605300.SH,佳禾食品,6
605287.SH,德才股份,6
300868.SZ,杰美特,6
300865.SZ,大宏立,6
603912.SH,佳力图,6
000599.SZ,青岛双星,6
000601.SZ,韶能股份,6
603228.SH,景旺电子,6
600552.SH,凯盛科技,6
300266.SZ,兴源环境,6
603790.SH,雅运股份,6
300251.SZ,光线传媒,6
000829.SZ,天音控股,6
000863.SZ,三湘印象,6
603383.SH,顶点软件,6
603139.SH,康惠制药,6
002201.SZ,九鼎新材,6
600626.SH,申达股份,6
600628.SH,新世界,6
603126.SH,中材节能,6
300177.SZ,中海达,6
600643.SH,爱建集团,6
300169.SZ,天晟新材,6
603116.SH,红蜻蜓,6
603109.SH,神驰机电,6
300120.SZ,经纬辉开,6
600691.SH,阳煤化工,6
300276.SZ,三丰智能,6
300290.SZ,荣科科技,6
600536.SH,中国软件,6
600391.SH,航发科技,6
600300.SH,维维股份,6
603222.SH,济民健康,6
000637.SZ,茂化实华,6
603890.SH,春秋电子,6
300469.SZ,信息发展,6
600333.SH,长春燃气,6
603212.SH,赛伍技术,6
603880.SH,南卫股份,6
600400.SH,红豆股份,6
300310.SZ,宜通世纪,6
688316.SH,青云科技-U,6
600446.SH,金证股份,6
600478.SH,科力远,6
000757.SZ,浩物股份,6
300339.SZ,润和软件,6
000779.SZ,甘咨询,6
600518.SH,康美药业,6
300311.SZ,任子行,6
600967.SH,内蒙一机,6
002792.SZ,通宇通讯,6
002350.SZ,北京科锐,6
002344.SZ,海宁皮城,6
002326.SZ,永太科技,6
002244.SZ,滨江集团,6
002380.SZ,科远智慧,6
600990.SH,四创电子,6
002355.SZ,兴民智通,6
002256.SZ,兆新股份,6
603615.SH,茶花股份,6
002616.SZ,长青集团,6
002301.SZ,齐心集团,6
002471.SZ,中超控股,6
002506.SZ,协鑫集成,6
002358.SZ,森源电气,6
601002.SH,晋亿实业,6
600983.SH,惠而浦,6
002431.SZ,棕榈股份,6
002605.SZ,姚记科技,6
002481.SZ,双塔食品,6
002405.SZ,四维图新,6
601360.SH,三六零,6
002455.SZ,百川股份,6
002346.SZ,柘中股份,6
002466.SZ,天齐锂业,6
002522.SZ,浙江众成,6
600996.SH,贵广网络,6
002584.SZ,西陇科学,6
603663.SH,三祥新材,6
002283.SZ,天润工业,6
002212.SZ,天融信,6
002556.SZ,辉隆股份,6
002523.SZ,天桥起重,6
002281.SZ,光迅科技,6
002218.SZ,拓日新能,6
601155.SH,新城控股,6
600760.SH,中航沈飞,5
600756.SH,浪潮软件,5
600759.SH,洲际油气,5
300355.SZ,蒙草生态,5
603399.SH,永杉锂业,5
603019.SH,中科曙光,5
600148.SH,长春一东,5
002886.SZ,沃特股份,5
300637.SZ,扬帆新材,5
002897.SZ,意华股份,5
603933.SH,睿能科技,5
300615.SZ,欣天科技,5
603028.SH,赛福天,5
002835.SZ,同为股份,5
300607.SZ,拓斯达,5
603029.SH,天鹅股份,5
603193.SH,润本股份,5
603466.SH,风语筑,5
603266.SH,天龙股份,5
600173.SH,卧龙地产,5
000691.SZ,亚太实业,5
002908.SZ,德生科技,5
688691.SH,灿芯股份,5
600736.SH,苏州高新,5
600460.SH,士兰微,5
600480.SH,凌云股份,5
300299.SZ,富春股份,5
002836.SZ,新宏泽,5
002883.SZ,中设股份,5
002436.SZ,兴森科技,5
002245.SZ,蔚蓝锂芯,5
002054.SZ,德美化工,5
603093.SH,南华期货,5
601995.SH,中金公司,5
002849.SZ,威星智能,5
300046.SZ,台基股份,5
603283.SH,赛腾股份,5
603729.SH,龙韵股份,5
002049.SZ,紫光国微,5
000997.SZ,新大陆,5
603280.SH,南方路机,5
002579.SZ,中京电子,5
603275.SH,众辰科技,5
600859.SH,王府井,5
603378.SH,亚士创能,5
000505.SZ,京粮控股,5
688502.SH,茂莱光学,5
603579.SH,荣泰健康,5
300656.SZ,民德电子,5
688435.SH,英方软件,5
002486.SZ,嘉麟杰,5
603822.SH,嘉澳环保,5
600491.SH,龙元建设,5
600749.SH,西藏旅游,5
002292.SZ,奥飞娱乐,5
600135.SH,乐凯胶片,5
300030.SZ,阳普医疗,5
603082.SH,北自科技,5
001395.SZ,亚联机械,5
002457.SZ,青龙管业,5
000633.SZ,合金投资,5
603895.SH,天永智能,5
000720.SZ,新能泰山,5
600408.SH,安泰集团,5
002983.SZ,芯瑞达,5
600301.SH,华锡有色,5
600814.SH,杭州解百,5
002990.SZ,盛视科技,5
603223.SH,恒通股份,5
603226.SH,菲林格尔,5
600816.SH,建元信托,5
002976.SZ,瑞玛精密,5
002343.SZ,慈文传媒,5
003036.SZ,泰坦股份,5
000715.SZ,中兴商业,5
001301.SZ,尚太科技,5
600418.SH,江淮汽车,5
003008.SZ,开普检测,5
001266.SZ,宏英智能,5
300448.SZ,浩云科技,5
000659.SZ,珠海中富,5
603217.SH,元利科技,5
603207.SH,小方制药,5
300462.SZ,华铭智能,5
300464.SZ,星徽股份,5
001300.SZ,三柏硕,5
300465.SZ,高伟达,5
600382.SH,广东明珠,5
003027.SZ,同兴科技,5
603220.SH,中贝通信,5
002338.SZ,奥普光电,5
002460.SZ,赣锋锂业,5
300511.SZ,雪榕生物,5
002968.SZ,新大正,5
601127.SH,赛力斯,5
001373.SZ,翔腾新材,5
603718.SH,海利生物,5
300562.SZ,乐心医疗,5
300563.SZ,神宇股份,5
001215.SZ,千味央厨,5
601005.SH,重庆钢铁,5
600210.SH,紫江企业,5
000561.SZ,烽火电子,5
600231.SH,凌钢股份,5
603081.SH,大丰实业,5
600202.SH,哈空调,5
002568.SZ,百润股份,5
002920.SZ,德赛西威,5
002918.SZ,蒙娜丽莎,5
300153.SZ,科泰电源,5
000571.SZ,新大洲A,5
002943.SZ,宇晶股份,5
600822.SH,上海物贸,5
688256.SH,寒武纪-U,5
600266.SH,城建发展,5
002965.SZ,祥鑫科技,5
603069.SH,海汽集团,5
002962.SZ,五方光电,5
603908.SH,牧高笛,5
600423.SH,柳化股份,5
603629.SH,利通电子,5
001337.SZ,四川黄金,5
000590.SZ,启迪药业,5
002953.SZ,日丰股份,5
600238.SH,海南椰岛,5
002565.SZ,顺灏股份,5
600785.SH,新华百货,5
603045.SH,福达合金,5
603980.SH,吉华集团,5
002209.SZ,达意隆,5
603177.SH,德创环保,5
603131.SH,上海沪工,5
301281.SZ,科源制药,5
603332.SH,苏州龙杰,5
002378.SZ,章源钨业,5
002379.SZ,宏创控股,5
601689.SH,拓普集团,5
300925.SZ,法本信息,5
300198.SZ,纳川股份,5
300189.SZ,神农种业,5
000017.SZ,深中华A,5
301232.SZ,飞沃科技,5
300197.SZ,节能铁汉,5
301226.SZ,祥明智能,5
603758.SH,秦安股份,5
000901.SZ,航天科技,5
002709.SZ,天赐材料,5
601869.SH,长飞光纤,5
605358.SH,立昂微,5
002531.SZ,天顺风能,5
601456.SH,国联民生,5
603330.SH,天洋新材,5
600604.SH,市北高新,5
603160.SH,汇顶科技,5
603706.SH,东方环宇,5
000034.SZ,神州数码,5
688115.SH,思林杰,5
002129.SZ,TCL中环,5
000850.SZ,华茂股份,5
002125.SZ,湘潭电化,5
000045.SZ,深纺织A,5
002121.SZ,科陆电子,5
603169.SH,兰石重装,5
300956.SZ,英力股份,5
601698.SH,中国卫通,5
300240.SZ,飞力达,5
002192.SZ,融捷股份,5
002658.SZ,雪迪龙,5
601515.SH,东峰集团,5
603669.SH,灵康药业,5
603535.SH,嘉诚国际,5
688023.SH,安恒信息,5
600664.SH,哈药股份,5
301101.SZ,明月镜片,5
600630.SH,龙头股份,5
600649.SH,城投控股,5
301079.SZ,邵阳液压,5
002204.SZ,大连重工,5
600969.SH,郴电国际,5
002205.SZ,国统股份,5
000926.SZ,福星股份,5
301021.SZ,英诺激光,5
301016.SZ,雷尔伟,5
600960.SH,渤海汽车,5
600641.SH,万业企业,5
300180.SZ,华峰超纤,5
301156.SZ,美农生物,5
600636.SH,国新文化,5
301157.SZ,华塑科技,5
300134.SZ,大富科技,5
002672.SZ,东江环保,5
300184.SZ,力源信息,5
300972.SZ,万辰集团,5
000935.SZ,四川双马,5
000936.SZ,华西股份,5
002678.SZ,珠江钢琴,5
603759.SH,海天股份,5
603530.SH,神马电力,5
603697.SH,有友食品,5
605298.SH,必得科技,5
000822.SZ,山东海化,5
002104.SZ,恒宝股份,5
002773.SZ,康弘药业,5
000977.SZ,浪潮信息,5
601921.SH,浙版传媒,5
300803.SZ,指南针,5
605133.SH,嵘泰股份,5
002780.SZ,三夫户外,5
600725.SH,云维股份,5
600570.SH,恒生电子,5
002421.SZ,达实智能,5
600569.SH,安阳钢铁,5
301536.SZ,星宸科技,5
605088.SH,冠盛股份,5
301578.SZ,辰奕智能,5
301596.SZ,瑞迪智驱,5
600560.SH,金自天正,5
301611.SZ,珂玛科技,5
002541.SZ,鸿路钢构,5
002075.SZ,沙钢股份,5
603308.SH,应流股份,5
300065.SZ,海兰信,5
300063.SZ,天龙集团,5
600733.SH,北汽蓝谷,5
002815.SZ,崇达技术,5
300716.SZ,泉为科技,5
600877.SH,电科芯片,5
603296.SH,华勤技术,5
300713.SZ,英可瑞,5
002771.SZ,真视通,5
003020.SZ,立方制药,5
605138.SH,盛泰集团,5
601908.SH,京运通,5
300810.SZ,中科海讯,5
000967.SZ,盈峰环境,5
300817.SZ,双飞集团,5
000837.SZ,秦川机床,5
300846.SZ,首都在线,5
002536.SZ,飞龙股份,5
603101.SH,汇嘉时代,5
300242.SZ,佳云科技,5
601100.SH,恒立液压,4
300168.SZ,万达信息,4
300229.SZ,拓尔思,4
002491.SZ,通鼎互联,4
600645.SH,中源协和,4
000713.SZ,丰乐种业,4
002488.SZ,金固股份,4
601218.SH,吉鑫科技,4
300322.SZ,硕贝德,4
600559.SH,老白干酒,4
000906.SZ,浙商中拓,4
002500.SZ,山西证券,4
300284.SZ,苏交科,4
000727.SZ,冠捷科技,4
603168.SH,莎普爱思,4
300379.SZ,东方通,4
600476.SH,湘邮科技,4
603768.SH,常青股份,4
603806.SH,福斯特,4
000755.SZ,山西高速,4
000913.SZ,钱江摩托,4
600651.SH,飞乐音响,4
000838.SZ,财信发展,4
603808.SH,歌力思,4
603637.SH,镇海股份,4
600368.SH,五洲交通,4
300295.SZ,三六五网,4
300436.SZ,广生堂,4
600449.SH,宁夏建材,4
000821.SZ,京山轻机,4
600509.SH,天富能源,4
603633.SH,徕木股份,4
000762.SZ,西藏矿业,4
601066.SH,中信建投,4
300382.SZ,斯莱克,4
603860.SH,中公高科,4
002484.SZ,江海股份,4
603158.SH,腾龙股份,4
002331.SZ,皖通科技,4
603153.SH,上海建科,4
688680.SH,海优新材,4
688318.SH,财富趋势,4
600613.SH,神奇制药,4
603826.SH,坤彩科技,4
600444.SH,国机通用,4
603198.SH,迎驾贡酒,4
603159.SH,上海亚虹,4
002324.SZ,普利特,4
688365.SH,光云科技,4
300337.SZ,银邦股份,4
600605.SH,汇通能源,4
603128.SH,华贸物流,4
600577.SH,精达股份,4
688327.SH,云从科技-UW,4
000723.SZ,美锦能源,4
603818.SH,曲美家居,4
000862.SZ,银星能源,4
600567.SH,山鹰国际,4
603186.SH,华正新材,4
000905.SZ,厦门港务,4
688368.SH,晶丰明源,4
300248.SZ,新开普,4
000783.SZ,长江证券,4
603788.SH,宁波高发,4
600199.SH,金种子酒,4
300438.SZ,鹏辉能源,4
002365.SZ,永安药业,4
301388.SZ,欣灵电气,4
002414.SZ,高德红外,4
300843.SZ,胜蓝股份,4
605186.SH,健麾信息,4
603616.SH,韩建河山,4
300853.SZ,申昊科技,4
000049.SZ,德赛电池,4
601236.SH,红塔证券,4
300730.SZ,科创信息,4
002368.SZ,太极股份,4
603328.SH,依顿电子,4
300875.SZ,捷强装备,4
301315.SZ,威士顿,4
605299.SH,舒华体育,4
000031.SZ,大悦城,4
301306.SZ,西测测试,4
605168.SH,三人行,4
301428.SZ,世纪恒通,4
300819.SZ,聚杰微纤,4
605155.SH,西大门,4
605058.SH,澳弘电子,4
000156.SZ,华数传媒,4
301607.SZ,富特科技,4
603311.SH,金海高科,4
301600.SZ,慧翰股份,4
300757.SZ,罗博特科,4
300778.SZ,新城市,4
605108.SH,同庆楼,4
300785.SZ,值得买,4
300786.SZ,国林科技,4
605128.SH,上海沿浦,4
688158.SH,优刻得-W,4
301487.SZ,盟固利,4
301486.SZ,致尚科技,4
000069.SZ,华侨城A,4
605318.SH,法狮龙,4
688107.SH,安路科技,4
301300.SZ,远翔新材,4
002389.SZ,航天彩虹,4
300995.SZ,奇德新材,4
300996.SZ,普联软件,4
301011.SZ,华立科技,4
688018.SH,乐鑫科技,4
603610.SH,麒盛科技,4
301017.SZ,漱玉平民,4
301024.SZ,霍普股份,4
301027.SZ,华蓝集团,4
301032.SZ,新柴股份,4
688031.SH,星环科技-U,4
301085.SZ,亚康股份,4
002384.SZ,东山精密,4
301078.SZ,孩子王,4
301075.SZ,多瑞医药,4
688048.SH,长光华芯,4
688010.SH,福光股份,4
605598.SH,上海港湾,4
000029.SZ,深深房A,4
601198.SH,东兴证券,4
601226.SH,华电科工,4
301288.SZ,清研环境,4
301279.SZ,金道科技,4
301258.SZ,富士莱,4
301256.SZ,华融化学,4
002395.SZ,双象股份,4
605399.SH,晨光新材,4
300941.SZ,创识科技,4
603612.SH,索通发展,4
300949.SZ,奥雅股份,4
605577.SH,龙版传媒,4
601188.SH,龙江交通,4
300960.SZ,通业科技,4
002392.SZ,北京利尔,4
301209.SZ,联合化学,4
605028.SH,世茂能源,4
600006.SH,东风股份,4
000688.SZ,国城矿业,4
600211.SH,西藏药业,4
002448.SZ,中原内配,4
603628.SH,清源股份,4
000570.SZ,苏常柴A,4
000568.SZ,泸州老窖,4
600216.SH,浙江医药,4
600215.SH,派斯林,4
000563.SZ,陕国投A,4
000559.SZ,万向钱潮,4
603596.SH,伯特利,4
000557.SZ,西部创业,4
603922.SH,金鸿顺,4
000546.SZ,金圆股份,4
600184.SH,光电股份,4
600180.SH,瑞茂通,4
600179.SH,安通控股,4
601133.SH,柏诚股份,4
300546.SZ,雄帝科技,4
600237.SH,铜峰电子,4
600241.SH,时代万恒,4
300531.SZ,优博讯,4
600354.SH,敦煌种业,4
300461.SZ,田中精机,4
000652.SZ,泰达股份,4
300468.SZ,四方精创,4
300472.SZ,新元科技,4
300484.SZ,蓝海华腾,4
300486.SZ,东杰智能,4
000635.SZ,英力特,4
600310.SH,广西能源,4
000632.SZ,三木集团,4
000631.SZ,顺发恒业,4
600278.SH,东方创业,4
688262.SH,国芯科技,4
601116.SH,三江购物,4
600262.SH,北方股份,4
600162.SH,香江控股,4
688225.SH,亚信安全,4
000524.SZ,岭南控股,4
300671.SZ,富满微,4
600099.SH,林海股份,4
603285.SH,键邦股份,4
600095.SH,湘财股份,4
000422.SZ,湖北宜化,4
000420.SZ,吉林化纤,4
002437.SZ,誉衡药业,4
600082.SH,海泰发展,4
603960.SH,克来机电,4
002434.SZ,万里扬,4
603968.SH,醋化股份,4
300703.SZ,创源股份,4
600048.SH,保利发展,4
603986.SH,兆易创新,4
600030.SH,中信证券,4
002429.SZ,兆驰股份,4
600100.SH,同方股份,4
600110.SH,诺德股份,4
300623.SZ,捷捷微电,4
300663.SZ,科蓝软件,4
000521.SZ,长虹美菱,4
688220.SH,翱捷科技-U,4
600152.SH,维科技术,4
603938.SH,三孚股份,4
300641.SZ,正丹股份,4
600133.SH,东湖高新,4
300647.SZ,超频三,4
603341.SH,龙旗科技,4
000519.SZ,中兵红箭,4
000517.SZ,荣安地产,4
002439.SZ,启明星辰,4
603272.SH,联翔股份,4
601336.SH,新华保险,4
603273.SH,天元智能,4
000501.SZ,武商集团,4
300155.SZ,安居宝,4
603836.SH,海程邦达,4
603680.SH,今创集团,4
600933.SH,爱柯迪,4
601696.SH,中银证券,4
002098.SZ,浔兴股份,4
002240.SZ,盛新锂能,4
001208.SZ,华菱线缆,4
600729.SH,重庆百货,4
603488.SH,展鹏科技,4
001296.SZ,长江材料,4
001223.SZ,欧克科技,4
600819.SH,耀皮玻璃,4
600730.SH,中国高科,4
600818.SH,中路股份,4
002154.SZ,报喜鸟,4
002703.SZ,浙江世宝,4
002152.SZ,广电运通,4
300078.SZ,思创医惠,4
002813.SZ,路畅科技,4
601028.SH,玉龙股份,4
603098.SH,森特股份,4
603076.SH,乐惠国际,4
003013.SZ,地铁设计,4
600864.SH,哈投股份,4
603659.SH,璞泰来,4
002890.SZ,弘宇股份,4
603025.SH,大豪科技,4
002238.SZ,天威视讯,4
600716.SH,凤凰股份,4
002097.SZ,山河智能,4
603052.SH,可川科技,4
603060.SH,国检集团,4
603051.SH,鹿山新材,4
002286.SZ,保龄宝,4
002877.SZ,智能自控,4
002101.SZ,广东鸿图,4
001206.SZ,依依股份,4
002140.SZ,东华科技,4
603507.SH,振江股份,4
002126.SZ,银轮股份,4
603708.SH,家家悦,4
002048.SZ,宁波华翔,4
002598.SZ,山东章鼓,4
002132.SZ,恒星科技,4
002235.SZ,安妮股份,4
601608.SH,中信重工,4
002559.SZ,亚威股份,4
002066.SZ,瑞泰科技,4
601890.SH,亚星锚链,4
600763.SH,通策医疗,4
002110.SZ,三钢闽光,4
002722.SZ,物产金轮,4
002860.SZ,星帅尔,4
002102.SZ,能特科技,4
600812.SH,华北制药,4
002041.SZ,登海种业,4
603058.SH,永吉股份,4
603578.SH,三星新材,4
600751.SH,海航科技,4
001317.SZ,三羊马,4
600764.SH,中国海防,4
002587.SZ,奥拓电子,4
600982.SH,宁波能源,4
603685.SH,晨丰科技,4
600876.SH,凯盛新能,4
603517.SH,绝味食品,4
603518.SH,锦泓集团,4
002264.SZ,新华都,4
688593.SH,新相微,4
002734.SZ,利民股份,4
300093.SZ,金刚光伏,4
600683.SH,京投发展,4
002551.SZ,尚荣医疗,4
001358.SZ,兴欣新材,4
688622.SH,禾信仪器,4
002936.SZ,郑州银行,4
603108.SH,润达医疗,4
600682.SH,南京新百,4
002653.SZ,海思科,4
601579.SH,会稽山,4
002659.SZ,凯文教育,4
600973.SH,宝胜股份,4
002222.SZ,福晶科技,4
300027.SZ,华谊兄弟,4
600684.SH,珠江股份,4
601595.SH,上海电影,4
300139.SZ,晓程科技,4
603062.SH,麦加芯彩,4
002198.SZ,嘉应制药,4
603091.SH,众鑫股份,4
603067.SH,振华股份,4
002643.SZ,万润股份,4
002642.SZ,荣联科技,4
600744.SH,华银电力,4
002632.SZ,道明光学,4
600791.SH,京能置业,4
002082.SZ,万邦德,4
688588.SH,凌志软件,4
300033.SZ,同花顺,4
000929.SZ,兰州黄河,4
601956.SH,东贝集团,4
002801.SZ,微光股份,4
300149.SZ,睿智医药,4
300040.SZ,九洲集团,4
001256.SZ,炜冈科技,4
002791.SZ,坚朗五金,4
001231.SZ,农心科技,4
600710.SH,苏美达,4
300098.SZ,高新兴,4
000925.SZ,众合科技,4
300100.SZ,双林股份,4
003038.SZ,鑫铂股份,4
003007.SZ,直真科技,4
300102.SZ,乾照光电,4
603569.SH,长久物流,4
001332.SZ,锡装股份,4
603678.SH,火炬电子,4
688512.SH,慧智微-U,4
300103.SZ,达刚控股,4
603726.SH,朗迪集团,4
600834.SH,申通地铁,4
002534.SZ,西子洁能,4
002268.SZ,电科网安,4
688521.SH,芯原股份,4
002809.SZ,红墙股份,4
001228.SZ,永泰运,4
002942.SZ,新农股份,4
002673.SZ,西部证券,4
603066.SH,音飞储存,4
600694.SH,大商股份,4
002941.SZ,新疆交建,4
600880.SH,博瑞传播,4
002300.SZ,太阳电缆,4
002668.SZ,TCL智家,4
688620.SH,安凯微,4
603290.SH,斯达半导,3
603477.SH,巨星农牧,3
603976.SH,正川股份,3
000410.SZ,沈阳机床,3
300154.SZ,瑞凌股份,3
002812.SZ,恩捷股份,3
603486.SH,科沃斯,3
002074.SZ,国轩高科,3
002590.SZ,万安科技,3
688182.SH,灿勤科技,3
605056.SH,咸亨国际,3
300738.SZ,奥飞数据,3
603310.SH,巍华新材,3
002589.SZ,瑞康医药,3
300735.SZ,光弘科技,3
605011.SH,杭州热电,3
605008.SH,长鸿高科,3
300709.SZ,精研科技,3
600010.SH,包钢股份,3
603348.SH,文灿股份,3
300722.SZ,新余国科,3
600071.SH,凤凰光学,3
603999.SH,读者传媒,3
603351.SH,威尔药业,3
002069.SZ,獐子岛,3
002826.SZ,易明医药,3
002832.SZ,比音勒芬,3
002035.SZ,华帝股份,3
600072.SH,中船科技,3
603936.SH,博敏电子,3
300608.SZ,思特奇,3
000526.SZ,学大教育,3
300611.SZ,美力科技,3
688228.SH,开普云,3
002901.SZ,大博医疗,3
002898.SZ,赛隆药业,3
300618.SZ,寒锐钴业,3
002907.SZ,华森制药,3
002010.SZ,传化智联,3
300621.SZ,维业股份,3
002893.SZ,京能热力,3
300624.SZ,万兴科技,3
000523.SZ,红棉股份,3
603026.SH,石大胜华,3
300605.SZ,恒锋信息,3
688721.SH,龙图光罩,3
603967.SH,中创物流,3
000548.SZ,湖南投资,3
001391.SZ,国货航,3
300581.SZ,晨曦航空,3
002916.SZ,深南电路,3
300584.SZ,海辰药业,3
000551.SZ,创元科技,3
002442.SZ,龙星科技,3
300588.SZ,熙菱信息,3
000541.SZ,佛山照明,3
000547.SZ,航天发展,3
002913.SZ,奥士康,3
603259.SH,药明康德,3
001896.SZ,豫能控股,3
688232.SH,新点软件,3
002909.SZ,集泰股份,3
600151.SH,航天机电,3
688216.SH,气派科技,3
002887.SZ,绿茵生态,3
600861.SH,北京人力,3
300672.SZ,国科微,3
300674.SZ,宇信科技,3
002852.SZ,道道全,3
300678.SZ,中科信息,3
600097.SH,开创国际,3
002050.SZ,三花智控,3
601996.SH,丰林集团,3
600143.SH,金发科技,3
601628.SH,中国人寿,3
002842.SZ,翔鹭钨业,3
000417.SZ,合百集团,3
603456.SH,九洲药业,3
002059.SZ,云南旅游,3
603966.SH,法兰泰克,3
002858.SZ,力盛体育,3
000428.SZ,华天酒店,3
300661.SZ,圣邦股份,3
000155.SZ,川能动力,3
002870.SZ,香山股份,3
600118.SH,中国卫星,3
002871.SZ,伟隆股份,3
600121.SH,郑州煤电,3
688573.SH,信宇人,3
603416.SH,信捷电气,3
603010.SH,万盛股份,3
002879.SZ,长缆科技,3
300643.SZ,万通智控,3
603012.SH,创力集团,3
603939.SH,益丰药房,3
600850.SH,电科数字,3
002885.SZ,京泉华,3
002803.SZ,吉宏股份,3
300805.SZ,电声股份,3
002079.SZ,苏州固锝,3
301608.SZ,博实结,3
688590.SH,新致软件,3
301228.SZ,实朴检测,3
603520.SH,司太立,3
301225.SZ,恒勃股份,3
002615.SZ,哈尔斯,3
002166.SZ,莱茵生物,3
002169.SZ,智光电气,3
301213.SZ,观想科技,3
603681.SH,永冠新材,3
301210.SZ,金杨股份,3
002172.SZ,澳洋健康,3
002176.SZ,江特电机,3
603533.SH,掌阅科技,3
300963.SZ,中洲特材,3
002677.SZ,浙江美大,3
301230.SZ,泓博医药,3
301236.SZ,软通动力,3
600935.SH,华塑股份,3
301269.SZ,华大九天,3
605333.SH,沪光股份,3
002716.SZ,湖南白银,3
300905.SZ,宝丽迪,3
605338.SH,巴比食品,3
605366.SH,宏柏新材,3
002706.SZ,良信股份,3
002399.SZ,海普瑞,3
002230.SZ,科大讯飞,3
300918.SZ,南山智尚,3
002612.SZ,朗姿股份,3
002396.SZ,星网锐捷,3
605389.SH,长龄液压,3
301251.SZ,威尔高,3
301248.SZ,杰创智能,3
301202.SZ,朗威股份,3
300967.SZ,晓鸣股份,3
002390.SZ,信邦制药,3
688058.SH,宝兰德,3
600975.SH,新五丰,3
301112.SZ,信邦智能,3
002216.SZ,三全食品,3
600966.SH,博汇纸业,3
301100.SZ,风光股份,3
301099.SZ,雅创电子,3
301091.SZ,深城交,3
301010.SZ,晶雪节能,3
688052.SH,纳芯微,3
301049.SZ,超越科技,3
301076.SZ,新瀚新材,3
301070.SZ,开勒股份,3
603676.SH,卫信康,3
301058.SZ,中粮科工,3
002666.SZ,德联集团,3
301136.SZ,招标股份,3
688584.SH,上海合晶,3
300984.SZ,金沃股份,3
301198.SZ,喜悦智行,3
002182.SZ,宝武镁业,3
300976.SZ,达瑞电子,3
300977.SZ,深圳瑞捷,3
301183.SZ,东田微,3
688981.SH,中芯国际,3
301178.SZ,天亿马,3
301152.SZ,天力锂能,3
301169.SZ,零点有数,3
300991.SZ,创益通,3
301160.SZ,翔楼新材,3
300997.SZ,欢乐家,3
002185.SZ,华天科技,3
000011.SZ,深物业A,3
301299.SZ,卓创资讯,3
002144.SZ,宏达高科,3
300898.SZ,熊猫乳品,3
300578.SZ,会畅通讯,3
301512.SZ,智信精密,3
300792.SZ,壹网壹创,3
002420.SZ,毅昌科技,3
300795.SZ,米奥会展,3
603701.SH,德宏股份,3
603501.SH,韦尔股份,3
688153.SH,唯捷创芯,3
300784.SZ,利安科技,3
601901.SH,方正证券,3
002109.SZ,兴化股份,3
688152.SH,麒麟信安,3
603699.SH,纽威股份,3
002239.SZ,奥特佳,3
605162.SH,新中港,3
002785.SZ,万里石,3
605099.SH,共创草坪,3
301421.SZ,波长光电,3
002357.SZ,富临运业,3
605068.SH,明新旭腾,3
601949.SH,中国出版,3
301586.SZ,佳力奇,3
603313.SH,梦百合,3
603665.SH,康隆达,3
301571.SZ,国科天成,3
300769.SZ,德方纳米,3
605098.SH,行动教育,3
603317.SH,天味食品,3
300773.SZ,拉卡拉,3
301550.SZ,斯菱股份,3
605089.SH,味知香,3
300776.SZ,帝尔激光,3
002790.SZ,瑞尔特,3
000065.SZ,北方国际,3
300826.SZ,测绘股份,3
300896.SZ,爱美客,3
301325.SZ,曼恩斯特,3
603327.SH,福蓉科技,3
002732.SZ,燕塘乳业,3
300870.SZ,欧陆通,3
300871.SZ,回盛生物,3
000036.SZ,华联控股,3
605286.SH,同力日升,3
002404.SZ,嘉欣丝绸,3
600903.SH,贵州燃气,3
605296.SH,神农集团,3
301316.SZ,慧博云通,3
601888.SH,中国中免,3
601878.SH,浙商证券,3
605319.SH,无锡振华,3
301302.SZ,华如科技,3
600906.SH,财达证券,3
603508.SH,思维列控,3
000063.SZ,中兴通讯,3
605180.SH,华生科技,3
605169.SH,洪通燃气,3
301389.SZ,隆扬电子,3
301387.SZ,光大同创,3
603319.SH,美湖股份,3
603345.SH,安井食品,3
002116.SZ,中国海诚,3
002756.SZ,永兴材料,3
002747.SZ,埃斯顿,3
300844.SZ,山水比德,3
002413.SZ,雷科防务,3
002752.SZ,昇兴股份,3
603698.SH,航天工程,3
605198.SH,安德利,3
301361.SZ,众智科技,3
300579.SZ,数字认证,3
300619.SZ,金银河,3
600595.SH,中孚实业,3
600598.SH,北大荒,3
600392.SH,盛和资源,3
003031.SZ,中瓷电子,3
000858.SZ,五粮液,3
002297.SZ,博云新材,3
600399.SH,抚顺特钢,3
688549.SH,中巨芯-U,3
000718.SZ,苏宁环球,3
300238.SZ,冠昊生物,3
603787.SH,新日股份,3
601015.SH,陕西黑猫,3
000722.SZ,湖南发展,3
300398.SZ,飞凯材料,3
300091.SZ,金通灵,3
600581.SH,八一钢铁,3
002479.SZ,富春环保,3
600783.SH,鲁信创投,3
300086.SZ,康芝药业,3
000831.SZ,中国稀土,3
600782.SH,新钢股份,3
002287.SZ,奇正藏药,3
300249.SZ,依米康,3
300007.SZ,汉威科技,3
688530.SH,欧莱新材,3
603855.SH,华荣股份,3
603373.SH,安邦护卫,3
600456.SH,宝钛股份,3
000735.SZ,罗牛山,3
000860.SZ,顺鑫农业,3
300417.SZ,南华仪器,3
603216.SH,梦天家居,3
300222.SZ,科大智能,3
002303.SZ,美盈森,3
000661.SZ,长春高新,3
000663.SZ,永安林业,3
688288.SH,鸿泉物联,3
000680.SZ,山推股份,3
300451.SZ,创业慧康,3
688701.SH,卓锦股份,3
000887.SZ,中鼎股份,3
002337.SZ,赛象科技,3
001268.SZ,联合精密,3
688292.SH,浩瀚深度,3
600356.SH,恒丰纸业,3
300442.SZ,润泽科技,3
603150.SH,万朗磁塑,3
600361.SH,创新新材,3
002282.SZ,博深股份,3
000698.SZ,沈阳化工,3
002470.SZ,金正大,3
000962.SZ,东方钽业,3
603209.SH,兴通股份,3
300427.SZ,红相股份,3
300425.SZ,中建环能,3
300424.SZ,航新科技,3
601068.SH,中铝国际,3
300421.SZ,力星股份,3
003028.SZ,振邦智能,3
688369.SH,致远互联,3
600768.SH,宁波富邦,3
300370.SZ,安控科技,3
300364.SZ,中文在线,3
300255.SZ,常山药业,3
300323.SZ,华灿光电,3
300047.SZ,天源迪科,3
600510.SH,黑牡丹,3
603815.SH,交建股份,3
600513.SH,联环药业,3
603801.SH,志邦家居,3
600515.SH,海南机场,3
000985.SZ,大庆华科,3
000987.SZ,越秀资本,3
688429.SH,时创能源,3
300059.SZ,东方财富,3
688343.SH,云天励飞-U,3
002489.SZ,浙江永强,3
600739.SH,辽宁成大,3
002328.SZ,新朋股份,3
000788.SZ,北大医药,3
603183.SH,建研院,3
300058.SZ,蓝色光标,3
000790.SZ,华神科技,3
601388.SH,怡球资源,3
600533.SH,栖霞建设,3
002494.SZ,华斯股份,3
000791.SZ,甘肃能源,3
300053.SZ,航宇微,3
000797.SZ,中国武夷,3
300293.SZ,蓝英装备,3
600538.SH,国发股份,3
300044.SZ,赛为智能,3
300043.SZ,星辉娱乐,3
300280.SZ,紫天科技,3
603799.SH,华友钴业,3
603172.SH,万丰股份,3
688653.SH,康希通信,3
600728.SH,佳都科技,3
600477.SH,杭萧钢构,3
603037.SH,凯众股份,3
002544.SZ,普天科技,3
000756.SZ,新华制药,3
300072.SZ,海新能科,3
300069.SZ,金利华电,3
600558.SH,大西洋,3
300348.SZ,长亮科技,3
600748.SH,上实发展,3
300271.SZ,华宇软件,3
300042.SZ,朗科科技,3
000819.SZ,岳阳兴长,3
000766.SZ,通化金马,3
601083.SH,锦江航运,3
002543.SZ,万和电气,3
603800.SH,洪田股份,3
300067.SZ,安诺其,3
300277.SZ,海联讯,3
603190.SH,亚通精工,3
300278.SZ,华昌达,3
002487.SZ,大金重工,3
000812.SZ,陕西金叶,3
300328.SZ,宜安科技,3
600618.SH,氯碱化工,3
603182.SH,嘉华股份,3
001277.SZ,速达股份,3
300192.SZ,科德教育,3
000596.SZ,古井贡酒,3
002518.SZ,科士达,3
300539.SZ,横河精密,3
002955.SZ,鸿合科技,3
600815.SH,厦工股份,3
002451.SZ,摩恩电气,3
600293.SH,三峡新材,3
300127.SZ,银河磁体,3
600668.SH,尖峰集团,3
002345.SZ,潮宏基,3
603897.SH,长城科技,3
002271.SZ,东方雨虹,3
001313.SZ,粤海饲料,3
600833.SH,第一医药,3
300170.SZ,汉得信息,3
603237.SH,五芳斋,3
601113.SH,华鼎股份,3
002317.SZ,众生药业,3
002985.SZ,北摩高科,3
600307.SH,酒钢宏兴,3
000576.SZ,甘化科工,3
603229.SH,奥翔药业,3
603365.SH,水星家纺,3
300173.SZ,福能东方,3
688709.SH,成都华微,3
600673.SH,东阳光,3
300521.SZ,爱司凯,3
002273.SZ,水晶光电,3
600638.SH,新黄浦,3
603648.SH,畅联股份,3
300518.SZ,新迅达,3
600257.SH,大湖股份,3
603125.SH,常青科技,3
603909.SH,建发合诚,3
300135.SZ,宝利国际,3
002957.SZ,科瑞技术,3
300515.SZ,三德科技,3
002515.SZ,金字火腿,3
001324.SZ,长青科技,3
601059.SH,信达证券,3
002319.SZ,乐通股份,3
300510.SZ,金冠股份,3
603231.SH,索宝蛋白,3
002561.SZ,徐家汇,3
600252.SH,中恒集团,3
001356.SZ,富岭股份,3
600230.SH,沧州大化,3
600662.SH,外服控股,3
002988.SZ,豪美新材,3
600621.SH,华鑫股份,3
001382.SZ,新亚电缆,3
603111.SH,康尼机电,3
600325.SH,华发股份,3
002937.SZ,兴瑞科技,3
001376.SZ,百通能源,3
300570.SZ,太辰光,3
002935.SZ,天奥电子,3
300479.SZ,神思电子,3
000938.SZ,紫光股份,3
603396.SH,金辰股份,3
300473.SZ,德尔股份,3
601588.SH,北辰实业,3
600331.SH,宏达股份,3
601106.SH,中国一重,3
002928.SZ,华夏航空,3
002926.SZ,华西证券,3
300478.SZ,杭州高新,3
002991.SZ,甘源食品,3
603130.SH,云中马,3
600223.SH,福瑞达,3
002922.SZ,伊戈尔,3
001308.SZ,康冠科技,3
000920.SZ,沃顿科技,3
600667.SH,太极实业,3
002939.SZ,长城证券,3
600320.SH,振华重工,3
001288.SZ,运机集团,3
300460.SZ,惠伦晶体,3
600809.SH,山西汾酒,3
688536.SH,思瑞浦,3
600808.SH,马钢股份,3
688252.SH,天德钰,3
002938.SZ,鹏鼎控股,3
001278.SZ,一彬科技,3
301259.SZ,艾布鲁,2
301301.SZ,川宁生物,2
301261.SZ,恒工精密,2
603179.SH,新泉股份,2
603097.SH,江苏华辰,2
601788.SH,光大证券,2
301268.SZ,铭利达,2
301067.SZ,显盈科技,2
688045.SH,必易微,2
603176.SH,汇通集团,2
601179.SH,中国西电,2
301086.SZ,鸿富瀚,2
600663.SH,陆家嘴,2
600927.SH,永安期货,2
301077.SZ,星华新材,2
688039.SH,当虹科技,2
301292.SZ,海科新源,2
301287.SZ,康力源,2
603650.SH,彤程新材,2
301252.SZ,同星科技,2
603173.SH,福斯达,2
600562.SH,国睿科技,2
605555.SH,德昌股份,2
601211.SH,国泰海通,2
601512.SH,中新集团,2
301132.SZ,满坤科技,2
301197.SZ,工大科雅,2
600600.SH,青岛啤酒,2
603107.SH,上海汽配,2
688002.SH,睿创微纳,2
301190.SZ,善水科技,2
301189.SZ,奥尼电子,2
301135.SZ,瑞德智能,2
301187.SZ,欧圣电气,2
603105.SH,芯能科技,2
301137.SZ,哈焊华通,2
301180.SZ,万祥科技,2
600703.SH,三安光电,2
603096.SH,新经典,2
301138.SZ,华研精机,2
601038.SH,一拖股份,2
600958.SH,东方证券,2
301139.SZ,元道通信,2
301165.SZ,锐捷网络,2
301162.SZ,国能日新,2
301141.SZ,中科磁业,2
301151.SZ,冠龙节能,2
603344.SH,星德胜,2
301161.SZ,唯万密封,2
603757.SH,大元泵业,2
301153.SZ,中科江南,2
603588.SH,高能环境,2
600616.SH,金枫酒业,2
600959.SH,江苏有线,2
600706.SH,曲江文旅,2
600962.SH,国投中鲁,2
603798.SH,康普顿,2
603102.SH,百合股份,2
601555.SH,东吴证券,2
600675.SH,中华企业,2
301102.SZ,兆讯传媒,2
603519.SH,立霸股份,2
301110.SZ,青木科技,2
301231.SZ,荣信文化,2
600575.SH,淮河能源,2
600963.SH,岳阳林纸,2
301115.SZ,建科股份,2
301117.SZ,佳缘科技,2
603100.SH,川仪股份,2
600718.SH,东软集团,2
601399.SH,国机重装,2
603379.SH,三美股份,2
301221.SZ,光庭信息,2
601800.SH,中国交建,2
301220.SZ,亚香股份,2
301219.SZ,腾远钴业,2
301118.SZ,恒光股份,2
603337.SH,杰克股份,2
688022.SH,瀚川智能,2
301212.SZ,联盛化学,2
603738.SH,泰晶科技,2
301123.SZ,奕东电子,2
301125.SZ,腾亚精工,2
301126.SZ,达嘉维康,2
600584.SH,长电科技,2
603786.SH,科博达,2
600586.SH,金晶科技,2
603587.SH,地素时尚,2
600200.SH,江苏吴中,2
601688.SH,华泰证券,2
601990.SH,南京证券,2
600798.SH,宁波海运,2
600060.SH,海信视像,2
600061.SH,国投资本,2
603969.SH,银龙股份,2
600335.SH,国机汽车,2
600801.SH,华新水泥,2
603888.SH,新华网,2
601107.SH,四川成渝,2
601969.SH,海南矿业,2
601108.SH,财通证券,2
600319.SH,亚星化学,2
603395.SH,红四方,2
601615.SH,明阳智能,2
600810.SH,神马股份,2
600308.SH,华泰股份,2
600104.SH,上汽集团,2
600052.SH,东望时代,2
603983.SH,丸美生物,2
600109.SH,国金证券,2
605016.SH,百龙创园,2
600378.SH,昊华科技,2
603871.SH,嘉友国际,2
603876.SH,鼎胜新材,2
605055.SH,迎丰股份,2
600369.SH,西南证券,2
600792.SH,云煤能源,2
605020.SH,永和股份,2
601366.SH,利群股份,2
600338.SH,西藏珠峰,2
601101.SH,昊华能源,2
605009.SH,豪悦护理,2
603065.SH,宿迁联盛,2
603213.SH,镇洋发展,2
600879.SH,航天电子,2
600032.SH,浙江新能,2
601012.SH,隆基绿能,2
600106.SH,重庆路桥,2
600111.SH,北方稀土,2
603605.SH,珀莱雅,2
603929.SH,亚翔集成,2
603233.SH,大参林,2
603050.SH,科林电气,2
603027.SH,千禾味业,2
600168.SH,武汉控股,2
601118.SH,海南橡胶,2
600170.SH,上海建工,2
603031.SH,安孚科技,2
601126.SH,四方股份,2
600159.SH,大龙地产,2
603239.SH,浙江仙通,2
600183.SH,生益科技,2
603036.SH,如通股份,2
603040.SH,新坐标,2
603927.SH,中科软,2
600197.SH,伊力特,2
603255.SH,鼎际得,2
600845.SH,宝信软件,2
600155.SH,华创云信,2
600113.SH,浙江东日,2
600131.SH,国网信通,2
600114.SH,东睦股份,2
603000.SH,人民网,2
600999.SH,招商证券,2
603227.SH,雪峰科技,2
601007.SH,金陵饭店,2
603903.SH,中持股份,2
603057.SH,紫燕食品,2
600853.SH,龙建股份,2
600259.SH,广晟有色,2
603713.SH,密尔克卫,2
603017.SH,中衡设计,2
600137.SH,浪莎股份,2
603055.SH,台华新材,2
600265.SH,景谷林业,2
600149.SH,廊坊发展,2
600261.SH,阳光照明,2
600790.SH,轻纺城,2
301606.SZ,绿联科技,2
603577.SH,汇金通,2
301383.SZ,天键股份,2
603191.SH,望变电气,2
600498.SH,烽火通信,2
301377.SZ,鼎泰高科,2
601238.SH,广汽集团,2
301380.SZ,挖金客,2
600746.SH,江苏索普,2
301382.SZ,蜂助手,2
603192.SH,汇得科技,2
603566.SH,普莱柯,2
603568.SH,伟明环保,2
301392.SZ,汇成真空,2
603829.SH,洛凯股份,2
603833.SH,欧派家居,2
601778.SH,晶科科技,2
301399.SZ,英特科技,2
301419.SZ,阿莱德,2
605183.SH,确成股份,2
603325.SH,博隆技术,2
603600.SH,永艺股份,2
600909.SH,华安证券,2
603687.SH,大胜达,2
600918.SH,中泰证券,2
600735.SH,新华锦,2
601231.SH,环旭电子,2
605288.SH,凯迪股份,2
600531.SH,豫光金铅,2
603810.SH,丰山集团,2
603329.SH,上海雅仕,2
301365.SZ,矩阵股份,2
301335.SZ,天元宠物,2
301336.SZ,趣睡科技,2
301337.SZ,亚华电子,2
600517.SH,国网英大,2
605222.SH,起帆电缆,2
301348.SZ,蓝箭电子,2
605196.SH,华通线缆,2
603089.SH,正裕工业,2
601279.SH,英利汽车,2
600758.SH,辽宁能源,2
603201.SH,常润股份,2
603318.SH,水发燃气,2
600420.SH,国药现代,2
600416.SH,湘电股份,2
600415.SH,小商品城,2
601375.SH,中原证券,2
603861.SH,白云电器,2
301551.SZ,无线传媒,2
301568.SZ,思泰克,2
301446.SZ,福事特,2
688047.SH,龙芯中科,2
603866.SH,桃李面包,2
603369.SH,今世缘,2
605077.SH,华康股份,2
301591.SZ,肯特股份,2
301592.SZ,六九一二,2
603205.SH,健尔康,2
600883.SH,博闻科技,2
600884.SH,杉杉股份,2
600429.SH,三元股份,2
605111.SH,新洁能,2
600761.SH,安徽合力,2
301456.SZ,盘古智能,2
301459.SZ,丰茂股份,2
601377.SH,兴业证券,2
600468.SH,百利电气,2
603197.SH,保隆科技,2
301488.SZ,豪恩汽电,2
603703.SH,盛洋科技,2
605123.SH,派克新材,2
301503.SZ,智迪科技,2
601019.SH,山东出版,2
301510.SZ,固高科技,2
301511.SZ,德福科技,2
600438.SH,通威股份,2
605117.SH,德业股份,2
601096.SH,宏盛华源,2
300648.SZ,星云股份,2
002409.SZ,雅克科技,2
002624.SZ,完美世界,2
300613.SZ,富瀚微,2
002687.SZ,乔治白,2
002679.SZ,福建金森,2
300616.SZ,尚品宅配,2
002674.SZ,兴业科技,2
002669.SZ,康达新材,2
002662.SZ,京威股份,2
688221.SH,前沿生物-U,2
002661.SZ,克明食品,2
002652.SZ,扬子新材,2
002646.SZ,天佑德酒,2
002644.SZ,佛慈制药,2
002626.SZ,金达威,2
300642.SZ,透景生命,2
002613.SZ,北玻股份,2
002841.SZ,视源股份,2
002609.SZ,捷顺科技,2
002603.SZ,以岭药业,2
688525.SH,佰维存储,2
300655.SZ,晶瑞电材,2
002578.SZ,闽发铝业,2
300660.SZ,江苏雷利,2
300662.SZ,科锐国际,2
002566.SZ,益盛药业,2
002563.SZ,森马服饰,2
002560.SZ,通达股份,2
688202.SH,美迪西,2
300675.SZ,建科院,2
002555.SZ,三七互娱,2
002550.SZ,千红制药,2
002698.SZ,博实股份,2
300606.SZ,金太阳,2
002707.SZ,众信旅游,2
688230.SH,芯导科技,2
688507.SH,索辰科技,2
300548.SZ,博创科技,2
300550.SZ,和仁科技,2
300552.SZ,万集科技,2
002828.SZ,贝肯能源,2
300553.SZ,集智股份,2
300554.SZ,三超新材,2
002810.SZ,山东赫达,2
688249.SH,晶合集成,2
002798.SZ,帝欧家居,2
300565.SZ,科信技术,2
002787.SZ,华源控股,2
300567.SZ,精测电子,2
688511.SH,天微电子,2
002782.SZ,可立克,2
002774.SZ,快意电梯,2
688244.SH,永信至诚,2
300576.SZ,容大感光,2
300583.SZ,赛托生物,2
002749.SZ,国光股份,2
002738.SZ,中矿资源,2
002736.SZ,国信证券,2
300590.SZ,移为通信,2
002728.SZ,特一药业,2
300593.SZ,新雷能,2
300594.SZ,朗进科技,2
688516.SH,奥特维,2
300598.SZ,诚迈科技,2
300599.SZ,雄塑科技,2
688196.SH,卓越新能,2
002533.SZ,金杯电工,2
002519.SZ,银河电子,2
300753.SZ,爱朋医疗,2
002322.SZ,理工能科,2
002320.SZ,海峡股份,2
688172.SH,燕东微,2
002314.SZ,南山控股,2
002299.SZ,圣农发展,2
688568.SH,中科星图,2
002263.SZ,大东南,2
002242.SZ,九阳股份,2
688167.SH,炬光科技,2
300781.SZ,因赛集团,2
300782.SZ,卓胜微,2
300787.SZ,海能实业,2
002234.SZ,民和股份,2
002214.SZ,大立科技,2
002206.SZ,海利得,2
002190.SZ,成飞集成,2
002186.SZ,全聚德,2
002171.SZ,楚江新材,2
002158.SZ,汉钟精机,2
300813.SZ,泰林生物,2
300816.SZ,艾可蓝,2
688148.SH,芳源股份,2
002150.SZ,通润装备,2
688591.SH,泰凌微,2
002120.SZ,韵达股份,2
688141.SH,杰华特,2
688595.SH,芯海科技,2
002099.SZ,海翔药业,2
002090.SZ,金智科技,2
688173.SH,希荻微,2
002334.SZ,英威腾,2
300687.SZ,赛意信息,2
002351.SZ,漫步者,2
300688.SZ,创业黑马,2
002516.SZ,旷达科技,2
300694.SZ,蠡湖股份,2
002476.SZ,宝莫股份,2
300697.SZ,电工合金,2
002468.SZ,申通快递,2
002445.SZ,中南文化,2
300700.SZ,岱勒新材,2
002444.SZ,巨星科技,2
002441.SZ,众业达,2
002432.SZ,九安医疗,2
002430.SZ,杭氧股份,2
300711.SZ,广哈通信,2
300715.SZ,凯伦股份,2
002407.SZ,多氟多,2
300719.SZ,安达维尔,2
002401.SZ,中远海科,2
002391.SZ,长青股份,2
300721.SZ,怡达股份,2
300723.SZ,一品红,2
300724.SZ,捷佳伟创,2
002382.SZ,蓝帆医疗,2
300726.SZ,宏达电子,2
002375.SZ,亚厦股份,2
002373.SZ,千方科技,2
002372.SZ,伟星新材,2
002371.SZ,北方华创,2
300739.SZ,明阳电路,2
688183.SH,生益电子,2
002840.SZ,华统股份,2
002845.SZ,同兴达,2
002081.SZ,金螳螂,2
300122.SZ,智飞生物,2
300157.SZ,新锦动力,2
300320.SZ,海达股份,2
300148.SZ,天舟文化,2
688392.SH,骄成超声,2
688393.SH,安必平,2
300329.SZ,海伦钢琴,2
300142.SZ,沃森生物,2
688332.SH,中科蓝讯,2
300340.SZ,科恒股份,2
300342.SZ,天银机电,2
300131.SZ,英唐智控,2
300130.SZ,新国都,2
300128.SZ,锦富技术,2
300123.SZ,亚光科技,2
300353.SZ,东土科技,2
300538.SZ,同益股份,2
300121.SZ,阳谷华泰,2
688326.SH,经纬恒润-W,2
688325.SH,赛微微电,2
688400.SH,凌云光,2
300366.SZ,创意信息,2
300369.SZ,绿盟科技,2
300111.SZ,向日葵,2
300107.SZ,建新股份,2
688409.SH,富创精密,2
300378.SZ,鼎捷数智,2
688416.SH,恒烁股份,2
300088.SZ,长信科技,2
300084.SZ,海默科技,2
300082.SZ,奥克股份,2
300162.SZ,雷曼光电,2
300316.SZ,晶盛机电,2
300314.SZ,戴维医疗,2
300166.SZ,东方国信,2
301060.SZ,兰卫医学,2
300243.SZ,瑞丰高材,2
300233.SZ,金城医药,2
300246.SZ,宝莱特,2
300231.SZ,银信科技,2
300250.SZ,初灵信息,2
300252.SZ,金信诺,2
300226.SZ,上海钢联,2
300260.SZ,新莱应材,2
300215.SZ,电科院,2
300214.SZ,日科化学,2
300264.SZ,佳创视讯,2
300265.SZ,通光线缆,2
300212.SZ,易华录,2
300269.SZ,联建光电,2
300270.SZ,中威电子,2
300272.SZ,开能健康,2
300210.SZ,森远股份,2
300279.SZ,和晶科技,2
300281.SZ,金明精机,2
300204.SZ,舒泰神,2
300195.SZ,长荣股份,2
300292.SZ,吴通控股,2
300191.SZ,潜能恒信,2
688348.SH,昱能科技,2
300302.SZ,同有科技,2
688381.SH,帝奥微,2
300183.SZ,东软载波,2
688385.SH,复旦微电,2
300081.SZ,恒信东方,2
300080.SZ,易成新能,2
300390.SZ,天华新能,2
300477.SZ,合纵科技,2
688277.SH,天智航-U,2
002977.SZ,天箭科技,2
002967.SZ,广电计量,2
300488.SZ,恒锋工具,2
300491.SZ,通合科技,2
002960.SZ,青鸟消防,2
688270.SH,臻镭科技,2
300496.SZ,中科创达,2
002956.SZ,西麦食品,2
300499.SZ,高澜股份,2
002950.SZ,奥美医疗,2
300500.SZ,启迪设计,2
002947.SZ,恒铭达,2
688499.SH,利元亨,2
300504.SZ,天邑股份,2
002906.SZ,华阳集团,2
300508.SZ,维宏股份,2
002891.SZ,中宠股份,2
002882.SZ,金龙羽,2
688261.SH,东微半导,2
300519.SZ,新光药业,2
300520.SZ,科大国创,2
688260.SH,昀冢科技,2
300527.SZ,中船应急,2
300528.SZ,幸福蓝海,2
002850.SZ,科达利,2
300534.SZ,陇神戎发,2
300537.SZ,广信材料,2
002847.SZ,盐津铺子,2
002978.SZ,安宁股份,2
002980.SZ,华盛昌,2
300394.SZ,天孚通信,2
688279.SH,峰岹科技,2
300397.SZ,天和防务,2
300400.SZ,劲拓股份,2
688311.SH,盟升电子,2
300056.SZ,中创环保,2
300407.SZ,凯发电气,2
300045.SZ,华力创通,2
300410.SZ,正业科技,2
688303.SH,大全能源,2
300024.SZ,机器人,2
300423.SZ,昇辉科技,2
300019.SZ,硅宝科技,2
688458.SH,美芯晟,2
300015.SZ,爱尔眼科,2
300014.SZ,亿纬锂能,2
300432.SZ,富临精工,2
300011.SZ,鼎汉技术,2
300006.SZ,莱美药业,2
003043.SZ,华亚智能,2
003039.SZ,顺控发展,2
003025.SZ,思进智能,2
003022.SZ,联泓新科,2
300450.SZ,先导智能,2
003019.SZ,宸展光电,2
003018.SZ,金富科技,2
300454.SZ,深信服,2
688286.SH,敏芯股份,2
300459.SZ,汤姆猫,2
002999.SZ,天禾股份,2
300466.SZ,赛摩智能,2
688138.SH,清溢光电,2
300237.SZ,美晨科技,2
000875.SZ,吉电股份,2
002015.SZ,协鑫能科,2
688720.SH,艾森股份,2
000733.SZ,振华科技,2
301025.SZ,读客文化,2
300920.SZ,润阳科技,2
002008.SZ,大族激光,2
001979.SZ,招商蛇口,2
688657.SH,浩辰软件,2
000970.SZ,中科三环,2
688114.SH,华大智造,2
688066.SH,航天宏图,2
000728.SZ,国元证券,2
000581.SZ,威孚高科,2
000582.SZ,北部湾港,2
688716.SH,中研股份,2
688711.SH,宏微科技,2
300872.SZ,天阳科技,2
000951.SZ,中国重汽,2
001359.SZ,平安电工,2
688661.SH,和林微纳,2
000776.SZ,广发证券,2
002026.SZ,山东威达,2
002025.SZ,航天电器,2
000507.SZ,珠海港,2
002022.SZ,科华生物,2
688120.SH,华海清科,2
300930.SZ,屹通新材,2
000528.SZ,柳工,2
000930.SZ,中粮科技,2
000931.SZ,中关村,2
301030.SZ,仕净科技,2
688118.SH,普元信息,2
000655.SZ,金岭矿业,2
300923.SZ,研奥股份,2
000531.SZ,穗恒运A,2
001360.SZ,南矿集团,2
688710.SH,益诺思,2
300935.SZ,盈建科,2
000700.SZ,模塑科技,2
301003.SZ,江苏博云,2
688078.SH,龙软科技,2
300894.SZ,火星人,2
001279.SZ,强邦新材,2
300899.SZ,上海凯鑫,2
688629.SH,华丰科技,2
000629.SZ,钒钛股份,2
000686.SZ,东北证券,2
001259.SZ,利仁科技,2
300901.SZ,中胤时尚,2
000685.SZ,中山公用,2
688631.SH,莱斯信息,2
001226.SZ,拓山重工,2
300903.SZ,科翔股份,2
300904.SZ,威力传动,2
001211.SZ,双枪科技,2
001207.SZ,联科科技,2
300885.SZ,海昌新材,2
000623.SZ,吉林敖东,2
688068.SH,热景生物,2
300913.SZ,兆龙互连,2
000600.SZ,建投能源,2
000603.SZ,盛达资源,2
301009.SZ,可靠股份,2
001336.SZ,楚环科技,2
301008.SZ,宏昌科技,2
300912.SZ,凯龙高科,2
688110.SH,东芯股份,2
001203.SZ,大中矿业,2
000612.SZ,焦作万方,2
300988.SZ,津荣天宇,2
688699.SH,明微电子,2
688071.SH,华依科技,2
001311.SZ,多利科技,2
300933.SZ,中辰股份,2
000767.SZ,晋控电力,2
000777.SZ,中核科技,2
000823.SZ,超声电子,2
300942.SZ,易瑞生物,2
301050.SZ,雷电微力,2
688798.SH,艾为电子,2
000899.SZ,赣能股份,2
000877.SZ,天山股份,2
002051.SZ,中工国际,2
000811.SZ,冰轮环境,2
300971.SZ,博亚精工,2
000037.SZ,深南电A,2
000881.SZ,中广核技,2
000166.SZ,申万宏源,2
688089.SH,嘉必优,2
300946.SZ,恒而达,2
688126.SH,沪硅产业,2
000159.SZ,国际实业,2
002062.SZ,宏润建设,2
000897.SZ,津滨发展,2
688090.SH,瑞松科技,2
000828.SZ,东莞控股,2
688131.SH,皓元医药,2
688602.SH,康鹏科技,2
000100.SZ,TCL科技,2
300969.SZ,恒帅股份,2
688787.SH,海天瑞声,2
000852.SZ,石化机械,2
000888.SZ,峨眉山A,2
300839.SZ,博汇股份,2
300943.SZ,春晖智控,2
002038.SZ,双鹭药业,2
000009.SZ,中国宝安,2
688084.SH,晶品特装,2
000921.SZ,海信家电,2
000014.SZ,沙河股份,2
300937.SZ,药易购,2
688800.SH,瑞可达,2
002034.SZ,旺能环境,2
688609.SH,九联科技,2
688049.SH,炬芯科技,2
688608.SH,恒玄科技,2
300975.SZ,商络电子,2
300964.SZ,本川智能,2
002080.SZ,中材科技,2
688061.SH,灿瑞科技,2
002029.SZ,七匹狼,2
000911.SZ,广农糖业,2
000027.SZ,深圳能源,2
688682.SH,霍莱沃,2
000802.SZ,北京文化,2
000782.SZ,恒申新材,2
688135.SH,利扬芯片,2
000672.SZ,上峰水泥,1
600765.SH,中航重机,1
688478.SH,晶升股份,1
000705.SZ,浙江震元,1
600854.SH,春兰股份,1
600771.SH,广誉远,1
000683.SZ,远兴能源,1
002873.SZ,新天药业,1
003035.SZ,南网能源,1
603165.SH,荣晟环保,1
688466.SH,金科环境,1
688700.SH,东威科技,1
300008.SZ,天海防务,1
600784.SH,鲁银投资,1
300004.SZ,南风股份,1
603163.SH,圣晖集成,1
300005.SZ,探路者,1
603161.SH,科华控股,1
002880.SZ,卫光生物,1
003002.SZ,壶化股份,1
688678.SH,福立旺,1
688698.SH,伟创电气,1
002986.SZ,宇新股份,1
002984.SZ,森麒麟,1
688496.SH,清越科技,1
688489.SH,三未信安,1
688690.SH,纳微科技,1
688689.SH,银河微电,1
000758.SZ,中色股份,1
000798.SZ,中水渔业,1
603180.SH,金牌家居,1
600827.SH,百联股份,1
002973.SZ,侨银股份,1
002972.SZ,科安达,1
603181.SH,皇马科技,1
002969.SZ,嘉美包装,1
002959.SZ,小熊电器,1
000786.SZ,北新建材,1
600821.SH,金开新能,1
002996.SZ,顺博合金,1
688484.SH,南芯科技,1
688692.SH,达梦数据,1
688486.SH,龙迅股份,1
003012.SZ,东鹏控股,1
000709.SZ,河钢股份,1
000719.SZ,中原传媒,1
600848.SH,上海临港,1
003011.SZ,海象新材,1
003006.SZ,百亚股份,1
600846.SH,同济科技,1
002895.SZ,川恒股份,1
002998.SZ,优彩资源,1
003000.SZ,劲仔食品,1
603199.SH,九华旅游,1
688695.SH,中创股份,1
002925.SZ,盈趣科技,1
600805.SH,悦达投资,1
002930.SZ,宏川智慧,1
688498.SH,源杰科技,1
000657.SZ,中钨高新,1
601952.SH,苏垦农发,1
603218.SH,日月股份,1
300140.SZ,节能环境,1
603355.SH,莱克电气,1
300187.SZ,永清环保,1
300185.SZ,通裕重工,1
000408.SZ,藏格矿业,1
600637.SH,东方明珠,1
600639.SH,浦东金桥,1
600640.SH,国脉文化,1
603289.SH,泰瑞机器,1
300176.SZ,鸿特科技,1
000419.SZ,通程控股,1
300164.SZ,通源石油,1
000423.SZ,东阿阿胶,1
603282.SH,亚光股份,1
603281.SH,江瀚新材,1
688390.SH,固德威,1
300158.SZ,振东制药,1
603279.SH,景津装备,1
300150.SZ,世纪瑞尔,1
600660.SH,福耀玻璃,1
688733.SH,壹石通,1
603277.SH,银都股份,1
688728.SH,格科微,1
300144.SZ,宋城演艺,1
300143.SZ,盈康生命,1
603271.SH,永杰新材,1
688380.SH,中微半导,1
000403.SZ,派林生物,1
688766.SH,普冉股份,1
688788.SH,科思科技,1
300235.SZ,方直科技,1
603331.SH,百达精工,1
300230.SZ,永利股份,1
600594.SH,益佰制药,1
300227.SZ,光韵达,1
600597.SH,光明乳业,1
300224.SZ,正海磁材,1
000048.SZ,京基智农,1
300223.SZ,北京君正,1
000050.SZ,深天马A,1
000055.SZ,方大集团,1
603322.SH,超讯通信,1
000338.SZ,潍柴动力,1
603321.SH,梅轮电梯,1
000061.SZ,农产品,1
300207.SZ,欣旺达,1
603312.SH,西典新能,1
603309.SH,维力医疗,1
300206.SZ,理邦仪器,1
300203.SZ,聚光科技,1
600617.SH,国新能源,1
300201.SZ,海伦哲,1
000301.SZ,东方盛虹,1
688379.SH,华光新材,1
300141.SZ,和顺电气,1
300138.SZ,晨光生物,1
688702.SH,盛科通信-U,1
000529.SZ,广弘控股,1
600726.SH,华电能源,1
300075.SZ,数字政通,1
300074.SZ,华平股份,1
000610.SZ,西安旅游,1
300073.SZ,当升科技,1
002864.SZ,盘龙药业,1
603730.SH,岱美股份,1
688419.SH,耐科装备,1
300057.SZ,万顺新材,1
000625.SZ,长安汽车,1
300051.SZ,琏升科技,1
603225.SH,新凤鸣,1
603727.SH,博迈科,1
688432.SH,有研硅,1
300036.SZ,超图软件,1
300035.SZ,中科电气,1
688439.SH,振华风光,1
300031.SZ,宝通科技,1
603725.SH,天安新材,1
688448.SH,磁谷科技,1
600754.SH,锦江酒店,1
603722.SH,阿科力,1
000636.SZ,风华高科,1
688450.SH,光格科技,1
300021.SZ,大禹节水,1
000607.SZ,华媒控股,1
300076.SZ,GQY视讯,1
603733.SH,仙鹤股份,1
000544.SZ,中原环保,1
603766.SH,隆鑫通用,1
688395.SH,正弦电气,1
688396.SH,华润微,1
300132.SZ,青松股份,1
000534.SZ,万泽股份,1
688722.SH,同益中,1
300126.SZ,锐奇股份,1
600685.SH,中船防务,1
603260.SH,合盛硅业,1
688719.SH,爱科赛博,1
603258.SH,电魂网络,1
688718.SH,唯赛勃,1
300083.SZ,创世纪,1
300118.SZ,东方日升,1
300115.SZ,长盈精密,1
688401.SH,路维光电,1
688717.SH,艾罗能源,1
000565.SZ,渝三峡A,1
603755.SH,日辰股份,1
300109.SZ,新开源,1
600707.SH,彩虹股份,1
300099.SZ,尤洛卡,1
300094.SZ,国联水产,1
300087.SZ,荃银高科,1
300070.SZ,碧水源,1
603387.SH,基蛋生物,1
002863.SZ,今飞凯达,1
688613.SH,奥精医疗,1
002360.SZ,同德化工,1
002353.SZ,杰瑞股份,1
601311.SH,骆驼股份,1
601318.SH,中国平安,1
601319.SH,中国人保,1
688560.SH,明冠新材,1
603018.SH,华设集团,1
601333.SH,广深铁路,1
601339.SH,百隆东方,1
002340.SZ,格林美,1
002333.SZ,罗普斯金,1
603590.SH,康辰药业,1
002332.SZ,仙琚制药,1
002859.SZ,洁美科技,1
002330.SZ,得利斯,1
601390.SH,中国中铁,1
603589.SH,口子窖,1
688611.SH,杭州柯林,1
002023.SZ,海特高新,1
601500.SH,通用股份,1
601566.SH,九牧王,1
601567.SH,三星医疗,1
002027.SZ,分众传媒,1
002284.SZ,亚太股份,1
002270.SZ,华明装备,1
601599.SH,浙文影业,1
002363.SZ,隆基机械,1
002367.SZ,康力电梯,1
601233.SH,桐昆股份,1
002012.SZ,凯恩股份,1
001328.SZ,登康口腔,1
601156.SH,东航物流,1
002422.SZ,科伦药业,1
002419.SZ,天虹股份,1
603043.SH,广州酒家,1
002412.SZ,汉森制药,1
300236.SZ,上海新阳,1
002408.SZ,齐翔腾达,1
001338.SZ,永顺泰,1
601186.SH,中国铁建,1
002394.SZ,联发股份,1
001367.SZ,海森药业,1
603611.SH,诺力股份,1
688559.SH,海目星,1
603609.SH,禾丰股份,1
001387.SZ,雪祺电气,1
002385.SZ,大北农,1
601212.SH,白银有色,1
001872.SZ,招商港口,1
603035.SH,常熟汽饰,1
002381.SZ,双箭股份,1
001914.SZ,招商积余,1
002376.SZ,新北洋,1
603606.SH,东方电缆,1
688621.SH,阳光诺和,1
002254.SZ,泰和新材,1
601609.SH,金田股份,1
601611.SH,中国核建,1
603529.SH,爱玛科技,1
002056.SZ,横店东磁,1
002170.SZ,芭田股份,1
002160.SZ,常铝股份,1
002057.SZ,中钢天源,1
601858.SH,中国科传,1
601860.SH,紫金银行,1
688603.SH,天承科技,1
002157.SZ,正邦科技,1
601866.SH,中远海发,1
002151.SZ,北斗星通,1
002149.SZ,西部材料,1
002145.SZ,中核钛白,1
688601.SH,力芯微,1
002139.SZ,拓邦股份,1
601886.SH,江河集团,1
002136.SZ,安纳达,1
002135.SZ,东南网架,1
601968.SH,宝钢包装,1
688600.SH,皖仪科技,1
002108.SZ,沧州明珠,1
002107.SZ,沃华医药,1
601918.SH,新集能源,1
002100.SZ,天康生物,1
002096.SZ,易普力,1
002073.SZ,软控股份,1
002174.SZ,游族网络,1
002179.SZ,中航光电,1
688578.SH,艾力斯,1
601811.SH,新华文轩,1
002250.SZ,联化科技,1
601618.SH,中国中冶,1
601619.SH,嘉泽新能,1
002249.SZ,大洋电机,1
601633.SH,长城汽车,1
601636.SH,旗滨集团,1
688580.SH,伟思医疗,1
603567.SH,珍宝岛,1
002236.SZ,大华股份,1
603558.SH,健盛集团,1
603556.SH,海兴电力,1
603439.SH,贵州三力,1
601700.SH,风范股份,1
603538.SH,美诺华,1
002224.SZ,三力士,1
601728.SH,中国电信,1
601766.SH,中国中车,1
688605.SH,先锋精科,1
002202.SZ,金风科技,1
002191.SZ,劲嘉股份,1
601992.SH,金隅集团,1
601799.SH,星宇股份,1
603444.SH,吉比特,1
601801.SH,皖新传媒,1
688589.SH,力合微,1
601137.SH,博威合金,1
002438.SZ,江苏神通,1
688556.SH,高测股份,1
002763.SZ,汇洁股份,1
000922.SZ,佳电股份,1
002746.SZ,仙坛股份,1
002745.SZ,木林森,1
002739.SZ,万达电影,1
000923.SZ,河钢资源,1
688515.SH,裕太微-U,1
603115.SH,海星股份,1
000928.SZ,中钢国际,1
002727.SZ,一心堂,1
000932.SZ,华菱钢铁,1
002723.SZ,小崧股份,1
688662.SH,富信科技,1
688518.SH,联赢激光,1
002696.SZ,百洋股份,1
002690.SZ,美亚光电,1
000959.SZ,首钢股份,1
688658.SH,悦康药业,1
002675.SZ,东诚药业,1
000969.SZ,安泰科技,1
002671.SZ,龙泉股份,1
688655.SH,迅捷兴,1
688652.SH,京仪装备,1
600961.SH,株冶集团,1
000988.SZ,华工科技,1
000990.SZ,诚志股份,1
002758.SZ,浙农股份,1
600893.SH,航发动力,1
000998.SZ,隆平高科,1
002768.SZ,国恩股份,1
000876.SZ,新希望,1
600862.SH,中航高科,1
688671.SH,碧兴物联,1
603385.SH,惠达卫浴,1
000893.SZ,亚钾国际,1
688505.SH,复旦张江,1
688506.SH,百利天恒,1
603136.SH,天目湖,1
603135.SH,中重科技,1
600872.SH,中炬高新,1
603132.SH,金徽股份,1
000898.SZ,鞍钢股份,1
603707.SH,健友股份,1
002825.SZ,纳尔股份,1
002821.SZ,凯莱英,1
688508.SH,芯朋微,1
002817.SZ,黄山胶囊,1
603129.SH,春风动力,1
000900.SZ,现代投资,1
688668.SH,鼎通科技,1
600885.SH,宏发股份,1
002083.SZ,孚日股份,1
000912.SZ,泸天化,1
002772.SZ,众兴菌业,1
000915.SZ,华特达因,1
002648.SZ,卫星化学,1
002641.SZ,公元股份,1
001326.SZ,联域股份,1
002557.SZ,洽洽食品,1
601016.SH,节能风电,1
002548.SZ,金新农,1
002546.SZ,新联电子,1
601022.SH,宁波远洋,1
002538.SZ,司尔特,1
688535.SH,华海诚科,1
001283.SZ,豪鹏科技,1
002517.SZ,恺英网络,1
603638.SH,艾迪精密,1
002498.SZ,汉缆股份,1
002497.SZ,雅化集团,1
001289.SZ,龙源电力,1
002492.SZ,恒基达鑫,1
002483.SZ,润邦股份,1
001299.SZ,美能能源,1
002472.SZ,双环传动,1
001322.SZ,箭牌家居,1
002463.SZ,沪电股份,1
002458.SZ,益生股份,1
688553.SH,汇宇制药-W,1
002452.SZ,长高电新,1
002446.SZ,盛路通信,1
603056.SH,德邦股份,1
603053.SH,成都燃气,1
002443.SZ,金洲管道,1
002554.SZ,惠博普,1
001227.SZ,兰州银行,1
002637.SZ,赞宇科技,1
688529.SH,豪森智能,1
002635.SZ,安洁科技,1
002627.SZ,三峡旅游,1
000999.SZ,华润三九,1
600976.SH,健民集团,1
002614.SZ,奥佳华,1
600980.SH,北矿科技,1
688646.SH,逸飞激光,1
002606.SZ,大连电瓷,1
603080.SH,新疆火炬,1
600988.SH,赤峰黄金,1
002594.SZ,比亚迪,1
002591.SZ,恒大高新,1
002588.SZ,史丹利,1
001216.SZ,华瓷股份,1
600995.SH,南网储能,1
002585.SZ,双星新材,1
001218.SZ,丽臣实业,1
603077.SH,和邦生物,1
603075.SH,热威股份,1
688528.SH,秦川物联,1
002572.SZ,索菲亚,1
601001.SH,晋控煤业,1
002567.SZ,唐人神,1
601003.SH,柳钢股份,1
603073.SH,彩蝶实业,1
301061.SZ,匠心家居,1
603779.SH,威龙股份,1
300745.SZ,欣锐科技,1
600057.SH,厦门象屿,1
300707.SZ,威唐工业,1
301222.SZ,浙江恒威,1
300950.SZ,德固特,1
300706.SZ,阿石创,1
603979.SH,金诚信,1
600039.SH,四川路桥,1
300951.SZ,博硕科技,1
600050.SH,中国联通,1
301218.SZ,华是科技,1
300701.SZ,森霸传感,1
603977.SH,国泰集团,1
688190.SH,云路股份,1
600056.SH,中国医药,1
600058.SH,五矿发展,1
300710.SZ,万隆光电,1
300952.SZ,恒辉安防,1
603970.SH,中农立华,1
605580.SH,恒盛能源,1
300696.SZ,爱乐达,1
600063.SH,皖维高新,1
300953.SZ,震裕科技,1
300695.SZ,兆丰股份,1
600066.SH,宇通客车,1
300955.SZ,嘉亨家化,1
688192.SH,迪哲医药-U,1
300692.SZ,中环环保,1
300691.SZ,联合光电,1
301211.SZ,亨迪药业,1
300708.SZ,聚灿光电,1
605567.SH,春雪食品,1
300690.SZ,双一科技,1
300732.SZ,设研院,1
688093.SH,世华科技,1
300748.SZ,金力永磁,1
301238.SZ,瑞泰新材,1
301613.SZ,新铝时代,1
300936.SZ,中英科技,1
688362.SH,甬矽电子,1
688181.SH,八亿时空,1
301618.SZ,长联科技,1
301628.SZ,强达电路,1
301629.SZ,矽电股份,1
605050.SH,福然德,1
688185.SH,康希诺,1
300733.SZ,西菱动力,1
302132.SZ,中航成飞,1
300712.SZ,永福股份,1
300731.SZ,科创新源,1
300727.SZ,润禾材料,1
300725.SZ,药石科技,1
300938.SZ,信测标准,1
605003.SH,众望布艺,1
600017.SH,日照港,1
300720.SZ,海川智能,1
603998.SH,方盛制药,1
603997.SH,继峰股份,1
603992.SH,松霖科技,1
605566.SH,福莱蒽特,1
603989.SH,艾华集团,1
300945.SZ,曼卡龙,1
688088.SH,虹软科技,1
300689.SZ,澄天伟业,1
688095.SH,福昕软件,1
688083.SH,中望软件,1
600129.SH,太极集团,1
605599.SH,菜百股份,1
301191.SZ,菲菱科思,1
600132.SH,重庆啤酒,1
300644.SZ,南京聚隆,1
300640.SZ,德艺文创,1
300639.SZ,凯普生物,1
300638.SZ,广和通,1
688213.SH,思特威-W,1
300635.SZ,中达安,1
300882.SZ,万胜智能,1
688003.SH,天准科技,1
600153.SH,建发股份,1
600158.SH,中体产业,1
600127.SH,金健米业,1
600160.SH,巨化股份,1
600163.SH,中闽能源,1
300981.SZ,中红医疗,1
688227.SH,品高股份,1
600167.SH,联美控股,1
688229.SH,博睿数据,1
300609.SZ,汇纳科技,1
300604.SZ,长川科技,1
300603.SZ,立昂技术,1
688082.SH,盛美上海,1
301181.SZ,标榜股份,1
688233.SH,神工股份,1
688234.SH,天岳先进,1
300650.SZ,太龙股份,1
300651.SZ,金陵体育,1
600080.SH,金花股份,1
300670.SZ,大烨智能,1
300686.SZ,智动力,1
301207.SZ,华兰疫苗,1
688195.SH,腾景科技,1
600085.SH,同仁堂,1
301206.SZ,三元生物,1
600088.SH,中视传媒,1
300683.SZ,海特生物,1
301205.SZ,联特科技,1
688198.SH,佰仁医疗,1
605589.SH,圣泉集团,1
688200.SH,华峰测控,1
688201.SH,信安世纪,1
600103.SH,青山纸业,1
688205.SH,德科立,1
600125.SH,铁龙物流,1
300667.SZ,必创科技,1
600108.SH,亚盛集团,1
300666.SZ,江丰电子,1
688206.SH,概伦电子,1
300664.SZ,鹏鹞环保,1
300966.SZ,共同药业,1
688207.SH,格灵深瞳,1
301201.SZ,诚达药业,1
300657.SZ,弘信电子,1
300654.SZ,世纪天鸿,1
688209.SH,英集芯,1
301199.SZ,迈赫股份,1
300970.SZ,华绿生物,1
688178.SH,万德斯,1
301602.SZ,超研股份,1
688237.SH,超卓航科,1
301393.SZ,昊帆生物,1
300847.SZ,中船汉光,1
300845.SZ,捷安高科,1
688132.SH,邦彦技术,1
301298.SZ,东利机械,1
301296.SZ,新巨丰,1
300835.SZ,龙磁科技,1
300834.SZ,星辉环材,1
605177.SH,东亚药业,1
301295.SZ,美硕科技,1
300831.SZ,派瑞股份,1
301390.SZ,经纬股份,1
300830.SZ,金现代,1
300829.SZ,金丹科技,1
301395.SZ,仁信新材,1
301369.SZ,联动科技,1
300828.SZ,锐新科技,1
301398.SZ,星源卓镁,1
688143.SH,长盈通,1
605167.SH,利柏特,1
301289.SZ,国缆检测,1
301418.SZ,协昌科技,1
300907.SZ,康平科技,1
300824.SZ,北鼎股份,1
688147.SH,微导纳米,1
300820.SZ,英杰电气,1
688099.SH,晶晨股份,1
300814.SZ,中富电路,1
301458.SZ,钧崴电子,1
301370.SZ,国科恒泰,1
301368.SZ,丰立智能,1
688151.SH,华强科技,1
301312.SZ,智立方,1
300881.SZ,盛德鑫泰,1
300879.SZ,大叶股份,1
300878.SZ,维康药业,1
300876.SZ,蒙泰高新,1
688116.SH,天奈科技,1
300883.SZ,龙利得,1
301317.SZ,鑫磊股份,1
301329.SZ,信音电子,1
688112.SH,鼎阳科技,1
605268.SH,王力安防,1
301314.SZ,科瑞思,1
688117.SH,圣诺生物,1
688111.SH,金山办公,1
301311.SZ,昆船智能,1
605189.SH,富春染织,1
688123.SH,聚辰股份,1
300860.SZ,锋尚文化,1
301349.SZ,信德新材,1
301353.SZ,普莱得,1
301308.SZ,江波龙,1
300859.SZ,西域旅游,1
605305.SH,中际联合,1
300857.SZ,协创数据,1
301358.SZ,湖南裕能,1
301359.SZ,东南电子,1
300891.SZ,惠云钛业,1
300851.SZ,交大思诺,1
300850.SZ,新强联,1
605151.SH,西上海,1
300809.SZ,华辰装备,1
301255.SZ,通力科技,1
300921.SZ,南凌科技,1
301555.SZ,惠柏新材,1
301556.SZ,托普云农,1
300771.SZ,智莱科技,1
301558.SZ,三态股份,1
688170.SH,德龙激光,1
300916.SZ,朗特智能,1
300919.SZ,中伟股份,1
301565.SZ,中仑新材,1
301267.SZ,华厦眼科,1
301566.SZ,达利凯普,1
300768.SZ,迪普科技,1
301266.SZ,宇邦新材,1
300767.SZ,震安科技,1
301577.SZ,美信科技,1
688169.SH,石头科技,1
300763.SZ,锦浪科技,1
300922.SZ,天秦装备,1
301580.SZ,爱迪特,1
301260.SZ,格力博,1
300762.SZ,上海瀚讯,1
688096.SH,京源环保,1
301585.SZ,蓝宇股份,1
301587.SZ,中瑞股份,1
301588.SZ,美新科技,1
300759.SZ,康龙化成,1
300758.SZ,七彩化学,1
300929.SZ,华骐环保,1
300755.SZ,华致酒行,1
301552.SZ,科力装备,1
688168.SH,安博通,1
300806.SZ,斯迪克,1
301280.SZ,珠城科技,1
605339.SH,南侨食品,1
688156.SH,路德环境,1
300798.SZ,锦鸡股份,1
301499.SZ,维科精密,1
688159.SH,有方科技,1
605122.SH,四方新材,1
301502.SZ,华阳智能,1
301507.SZ,民生健康,1
301508.SZ,中机认检,1
301509.SZ,金凯生科,1
300790.SZ,宇瞳光学,1
300911.SZ,亿田智能,1
300788.SZ,中信出版,1
301516.SZ,中远通,1
300775.SZ,三角防务,1
301517.SZ,陕西华达,1
301278.SZ,快可电子,1
301277.SZ,新天地,1
301275.SZ,汉朔科技,1
301519.SZ,舜禹股份,1
300780.SZ,德恩精工,1
301528.SZ,多浦乐,1
301529.SZ,福赛科技,1
301533.SZ,威马农机,1
605369.SH,拱东医疗,1
300915.SZ,海融科技,1
301538.SZ,骏鼎达,1
605090.SH,九丰能源,1
300985.SZ,致远新能,1
300978.SZ,东箭科技,1
300412.SZ,迦南科技,1
603878.SH,武进不锈,1
300404.SZ,博济医药,1
300403.SZ,汉宇集团,1
688028.SH,沃尔德,1
688313.SH,仕佳光子,1
600419.SH,天润乳业,1
600422.SH,昆药集团,1
688315.SH,诺禾致源,1
688062.SH,迈威生物-U,1
688060.SH,云涌科技,1
603856.SH,东宏股份,1
600435.SH,北方导航,1
600436.SH,片仔癀,1
300385.SZ,雪浪环境,1
688059.SH,华锐精密,1
300383.SZ,光环新网,1
600448.SH,华纺股份,1
300381.SZ,溢多利,1
600455.SH,博通股份,1
301097.SZ,天益医疗,1
600458.SH,时代新材,1
603848.SH,好太太,1
300374.SZ,中铁装配,1
301038.SZ,深水规院,1
300373.SZ,扬杰科技,1
300371.SZ,汇中股份,1
301095.SZ,广立微,1
300363.SZ,博腾股份,1
301108.SZ,洁雅股份,1
301109.SZ,军信股份,1
688063.SH,派能科技,1
600379.SH,宝光股份,1
600366.SH,宁波韵升,1
300437.SZ,清水源,1
688297.SH,中无人机,1
300434.SZ,金石亚药,1
301018.SZ,申菱环境,1
603877.SH,太平鸟,1
300430.SZ,诚益通,1
300429.SZ,强力新材,1
688299.SH,长阳科技,1
301020.SZ,密封科技,1
301022.SZ,海泰科,1
301121.SZ,紫建电子,1
603868.SH,飞科电器,1
600398.SH,海澜之家,1
300422.SZ,博世科,1
688301.SH,奕瑞科技,1
688302.SH,海创药业-U,1
301120.SZ,新特电气,1
301119.SZ,正强股份,1
600389.SH,江山股份,1
301023.SZ,江南奕帆,1
301116.SZ,益客食品,1
688306.SH,均普智能,1
301026.SZ,浩通科技,1
600189.SH,泉阳泉,1
300411.SZ,金盾股份,1
300359.SZ,全通教育,1
600479.SH,千金药业,1
300352.SZ,北信源,1
300267.SZ,尔康制药,1
688347.SH,华虹公司,1
300296.SZ,利亚德,1
688038.SH,中科通达,1
688053.SH,思科瑞,1
301048.SZ,金鹰重工,1
301052.SZ,果麦文化,1
301073.SZ,君亭酒店,1
688352.SH,颀中科技,1
688353.SH,华盛锂电,1
688041.SH,海光信息,1
300283.SZ,温州宏丰,1
301071.SZ,力量钻石,1
688358.SH,祥生医疗,1
600529.SH,山东药玻,1
300261.SZ,雅本化学,1
301053.SZ,远信工业,1
301055.SZ,张小泉,1
600566.SH,济川药业,1
300258.SZ,精锻科技,1
301059.SZ,金三江,1
300254.SZ,仟源医药,1
301065.SZ,本立科技,1
300253.SZ,卫宁健康,1
688361.SH,中科飞测,1
301063.SZ,海锅股份,1
300244.SZ,迪安诊断,1
300305.SZ,裕兴股份,1
300306.SZ,远方信息,1
600482.SH,中国动力,1
600507.SH,方大特钢,1
688032.SH,禾迈股份,1
688328.SH,深科达,1
300350.SZ,华鹏飞,1
600487.SH,亨通光电,1
300346.SZ,南大光电,1
600493.SH,凤竹纺织,1
300341.SZ,麦克奥迪,1
688333.SH,铂力特,1
301090.SZ,华润材料,1
300331.SZ,苏大维格,1
300327.SZ,中颖电子,1
301089.SZ,拓新药业,1
600508.SH,上海能源,1
300307.SZ,慈星股份,1
300324.SZ,旋极信息,1
603816.SH,顾家家居,1
688035.SH,德邦科技,1
301041.SZ,金百泽,1
600516.SH,方大炭素,1
300308.SZ,中际旭创,1
600521.SH,华海药业,1
688037.SH,芯源微,1
688055.SH,龙腾光电,1
600523.SH,贵航股份,1
600525.SH,长园集团,1
600526.SH,菲达环保,1
688020.SH,方邦股份,1
301321.SZ,翰博高新,1
600268.SH,国电南自,1
603898.SH,好莱客,1
301172.SZ,君逸数码,1
300505.SZ,川金诺,1
688012.SH,中微公司,1
600283.SH,钱江水利,1
603899.SH,晨光股份,1
600285.SH,羚锐制药,1
300502.SZ,新易盛,1
300564.SZ,筑博设计,1
600295.SH,鄂尔多斯,1
301163.SZ,宏德股份,1
300509.SZ,新美星,1
300990.SZ,同飞股份,1
688077.SH,大地熊,1
603896.SH,寿仙谷,1
301171.SZ,易点天下,1
600312.SH,平高电气,1
600313.SH,农发种业,1
300568.SZ,星源材质,1
688272.SH,富吉瑞,1
301159.SZ,三维天地,1
600218.SH,全柴动力,1
688251.SH,井松智能,1
688275.SH,万润新能,1
300523.SZ,辰安科技,1
300543.SZ,朗科智能,1
688255.SH,凯尔达,1
300541.SZ,先进数通,1
300547.SZ,川环科技,1
300540.SZ,蜀道装备,1
600248.SH,陕建股份,1
300535.SZ,达威股份,1
603916.SH,苏博特,1
688259.SH,创耀科技,1
300517.SZ,海波重科,1
600273.SH,嘉化能源,1
300549.SZ,优德精密,1
603919.SH,金徽酒,1
600226.SH,亨通股份,1
688253.SH,英诺特,1
600222.SH,太龙药业,1
300513.SZ,恒实科技,1
600271.SH,航天信息,1
300557.SZ,理工光科,1
300512.SZ,中亚股份,1
688015.SH,交控科技,1
300490.SZ,华自科技,1
603926.SH,铁流股份,1
300569.SZ,天能重工,1
600329.SH,达仁堂,1
300441.SZ,鲍斯股份,1
301007.SZ,德迈仕,1
688281.SH,华秦科技,1
688293.SH,奥浦迈,1
300458.SZ,全志科技,1
688072.SH,拓荆科技,1
688290.SH,景业智能,1
300577.SZ,开润股份,1
300456.SZ,赛微电子,1
301149.SZ,隆华新材,1
300582.SZ,英飞特,1
688017.SH,绿的谐波,1
300449.SZ,汉邦高科,1
600348.SH,华阳股份,1
600196.SH,复星医药,1
301155.SZ,海力风电,1
301005.SZ,超捷股份,1
688246.SH,嘉和美康,1
300476.SZ,胜宏科技,1
300994.SZ,久祺股份,1
300571.SZ,平治信息,1
300474.SZ,景嘉微,1
300585.SZ,奥联电子,1
300475.SZ,香农芯创,1
688008.SH,澜起科技,1
300440.SZ,运达科技,1
301133.SZ,金钟股份,1
688238.SH,和元生物,1
300586.SZ,美联新材,1
688772.SH,珠海冠宇,0
688006.SH,杭可科技,0
688081.SH,兴图新科,0
688778.SH,厦钨新能,0
603393.SH,新天然气,0
688776.SH,国光电气,0
688102.SH,斯瑞新材,0
688101.SH,三达膜,0
688819.SH,天能股份,0
688113.SH,联测科技,0
688777.SH,中控技术,0
688001.SH,华兴源创,0
688779.SH,五矿新能,0
688633.SH,星球石墨,0
688789.SH,宏华数科,0
688786.SH,悦安新材,0
688630.SH,芯碁微装,0
688106.SH,金宏气体,0
688005.SH,容百科技,0
688793.SH,倍轻松,0
688686.SH,奥普特,0
688009.SH,中国通号,0
688004.SH,博汇科技,0
688108.SH,赛诺医疗,0
688109.SH,品茗科技,0
688696.SH,极米科技,0
688628.SH,优利德,0
688627.SH,精智达,0
688105.SH,诺唯赞,0
688103.SH,国力股份,0
688050.SH,爱博医疗,0
688080.SH,映翰通,0
688799.SH,华纳药厂,0
688626.SH,翔宇医疗,0
688625.SH,呈和科技,0
688051.SH,佳华科技,0
688685.SH,迈信林,0
688683.SH,莱尔科技,0
688687.SH,凯因科技,0
688046.SH,药康生物,0
688056.SH,莱伯泰科,0
688091.SH,上海谊众,0
688636.SH,智明达,0
688097.SH,博众精工,0
688670.SH,金迪克,0
603391.SH,力聚热能,0
688025.SH,杰普特,0
688075.SH,安旭生物,0
688026.SH,洁特生物,0
688726.SH,拉普拉斯,0
688027.SH,国盾量子,0
688681.SH,科汇股份,0
603358.SH,华达科技,0
605377.SH,华旺科技,0
688659.SH,元琛科技,0
688676.SH,金盘科技,0
688029.SH,南微医学,0
688087.SH,英科再生,0
688065.SH,凯赛生物,0
688707.SH,振华新材,0
688663.SH,新风光,0
688669.SH,聚石化学,0
688073.SH,毕得医药,0
688708.SH,佳驰科技,0
688016.SH,心脉医疗,0
688665.SH,四方光电,0
605499.SH,东鹏饮料,0
688070.SH,纵横股份,0
605500.SH,森林包装,0
605507.SH,国邦医药,0
688021.SH,奥福环保,0
688069.SH,德林海,0
688019.SH,安集科技,0
688067.SH,爱威科技,0
688667.SH,菱电电控,0
688076.SH,诺泰生物,0
688737.SH,中自科技,0
688030.SH,山石网科,0
688758.SH,赛分科技,0
688036.SH,传音控股,0
688100.SH,威胜信息,0
688768.SH,容知日新,0
688085.SH,三友医疗,0
688679.SH,通源环境,0
688767.SH,博拓生物,0
603368.SH,柳药集团,0
688697.SH,纽威数控,0
688638.SH,誉辰智能,0
688057.SH,金达莱,0
688079.SH,美迪凯,0
688033.SH,天宜上佳,0
688098.SH,申联生物,0
688639.SH,华恒生物,0
688757.SH,胜科纳米,0
603381.SH,永臻股份,0
688092.SH,爱科科技,0
605365.SH,立达信,0
688011.SH,新光光电,0
603392.SH,万泰生物,0
603380.SH,易德龙,0
688648.SH,中邮科技,0
688750.SH,金天钛业,0
688651.SH,盛邦安全,0
603367.SH,辰欣药业,0
688677.SH,海泰新光,0
603357.SH,设计总院,0
605368.SH,蓝天燃气,0
688013.SH,天臣医疗,0
688739.SH,成大生物,0
688007.SH,光峰科技,0
688363.SH,华熙生物,0
688623.SH,双元科技,0
688296.SH,和达科技,0
688285.SH,高铁电气,0
603886.SH,元祖股份,0
688480.SH,赛恩斯,0
603885.SH,吉祥航空,0
688479.SH,友车科技,0
688289.SH,圣湘生物,0
688291.SH,金橙子,0
688295.SH,中复神鹰,0
688475.SH,萤石网络,0
688472.SH,阿特斯,0
688469.SH,芯联集成-U,0
688468.SH,科美诊断,0
688298.SH,东方生物,0
688280.SH,精进电动-UW,0
688459.SH,哈铁科技,0
688456.SH,有研粉材,0
688455.SH,科捷智能,0
688300.SH,联瑞新材,0
688449.SH,联芸科技,0
603867.SH,新化股份,0
688305.SH,科德数控,0
688443.SH,智翔金泰-U,0
688307.SH,中润光学,0
688433.SH,华曙高科,0
688308.SH,欧科亿,0
688428.SH,诺诚健华-U,0
688283.SH,坤恒顺维,0
603889.SH,新澳股份,0
688520.SH,神州细胞-U,0
688257.SH,新锐股份,0
688517.SH,金冠电气,0
688231.SH,隆达股份,0
688235.SH,百济神州-U,0
603689.SH,皖天然气,0
688236.SH,春立医疗,0
688513.SH,苑东生物,0
688239.SH,航宇科技,0
688247.SH,宣泰医药,0
688248.SH,南网科技,0
688510.SH,航亚科技,0
688509.SH,正元地信,0
688503.SH,聚和材料,0
688258.SH,卓易信息,0
688278.SH,特宝生物,0
688501.SH,青达环保,0
688500.SH,慧辰股份,0
688265.SH,南模生物,0
688266.SH,泽璟制药-U,0
688267.SH,中触媒,0
688268.SH,华特气体,0
688488.SH,艾迪药业,0
688269.SH,凯立新材,0
688271.SH,联影医疗,0
688485.SH,九州一轨,0
688273.SH,麦澜德,0
688276.SH,百克生物,0
688309.SH,恒誉环保,0
688426.SH,康为世纪,0
688425.SH,铁建重工,0
688375.SH,国博电子,0
688388.SH,嘉元科技,0
688387.SH,信科移动-U,0
688386.SH,泛亚微透,0
603811.SH,诚意药业,0
688383.SH,新益昌,0
688382.SH,益方生物-U,0
688345.SH,博力威,0
688349.SH,三一重能,0
688378.SH,奥来德,0
688350.SH,富淼科技,0
688377.SH,迪威尔,0
688376.SH,美埃科技,0
688351.SH,微电生理,0
688310.SH,迈得医疗,0
688355.SH,明志科技,0
688356.SH,键凯科技,0
688357.SH,建龙微纳,0
688373.SH,盟科药业-U,0
688372.SH,伟测科技,0
688371.SH,菲沃泰,0
688370.SH,丛麟科技,0
688359.SH,三孚新科,0
688360.SH,德马科技,0
603797.SH,联泰环保,0
688367.SH,工大高科,0
688366.SH,昊海生科,0
688339.SH,亿华通-U,0
688389.SH,普门科技,0
688338.SH,赛科希德,0
688337.SH,普源精电,0
688420.SH,美腾科技,0
688312.SH,燕麦科技,0
688314.SH,康拓医疗,0
603858.SH,步长制药,0
688418.SH,震有科技,0
688317.SH,之江生物,0
688319.SH,欧林生物,0
688320.SH,禾川科技,0
688411.SH,海博思创,0
688321.SH,微芯生物,0
688410.SH,山外山,0
688408.SH,中信博,0
688403.SH,汇成股份,0
688322.SH,奥比中光-UW,0
688323.SH,瑞华泰,0
688399.SH,硕世生物,0
688398.SH,赛特新材,0
688329.SH,艾隆科技,0
688330.SH,宏力达,0
688331.SH,荣昌生物,0
688334.SH,西高院,0
603817.SH,海峡环保,0
688335.SH,复洁环保,0
688336.SH,三生国健,0
688391.SH,钜泉科技,0
688519.SH,南亚新材,0
688226.SH,威腾电气,0
688619.SH,罗普特,0
688583.SH,思看科技,0
688146.SH,中船特气,0
688150.SH,莱特光电,0
688155.SH,先惠技术,0
688157.SH,松井股份,0
688160.SH,步科股份,0
688161.SH,威高骨科,0
688162.SH,巨一科技,0
688163.SH,赛伦生物,0
688586.SH,江航装备,0
688585.SH,上纬新材,0
605116.SH,奥锐特,0
603551.SH,奥普科技,0
688582.SH,芯动联科,0
688592.SH,司南导航,0
688581.SH,安杰思,0
603565.SH,中谷物流,0
688166.SH,博瑞医药,0
688579.SH,山大地纬,0
688577.SH,浙海德曼,0
688576.SH,西山科技,0
688575.SH,亚辉龙,0
688571.SH,杭华股份,0
688570.SH,天玛智控,0
688569.SH,铁科轨道,0
688171.SH,纬德信息,0
688567.SH,孚能科技,0
603515.SH,欧普照明,0
605166.SH,聚合顺,0
688223.SH,晶科能源,0
688125.SH,安达智能,0
688618.SH,三旺通信,0
688617.SH,惠泰医疗,0
688616.SH,西力科技,0
688615.SH,合合信息,0
603408.SH,建霖家居,0
605259.SH,绿田机械,0
688119.SH,中钢洛耐,0
688612.SH,威迈斯,0
688121.SH,卓然股份,0
603409.SH,汇通控股,0
688122.SH,西部超导,0
688610.SH,埃科光电,0
688607.SH,康众医疗,0
688596.SH,正帆科技,0
688606.SH,奥泰生物,0
688127.SH,蓝特光学,0
688128.SH,中国电研,0
688129.SH,东来技术,0
688133.SH,泰坦科技,0
688136.SH,科兴制药,0
688599.SH,天合光能,0
688137.SH,近岸蛋白,0
688598.SH,金博股份,0
688139.SH,海尔生物,0
688597.SH,煜邦电力,0
603505.SH,金石资源,0
688566.SH,吉贝尔,0
688565.SH,力源科技,0
688563.SH,航材股份,0
688210.SH,统联精密,0
688539.SH,高华科技,0
688538.SH,和辉光电-U,0
603639.SH,海利尔,0
688193.SH,仁度生物,0
688533.SH,上声电子,0
688531.SH,日联科技,0
688197.SH,首药控股-U,0
688199.SH,久日新材,0
603658.SH,安图生物,0
688203.SH,海正生材,0
603661.SH,恒林股份,0
688208.SH,道通科技,0
688526.SH,科前生物,0
688562.SH,航天软件,0
603948.SH,建业股份,0
688523.SH,航天环宇,0
688522.SH,纳睿雷达,0
688211.SH,中科微至,0
688212.SH,澳华内镜,0
603668.SH,天马科技,0
688215.SH,瑞晟智能,0
603937.SH,丽岛新材,0
688217.SH,睿昂基因,0
688218.SH,江苏北人,0
688219.SH,会通股份,0
688222.SH,成都先导,0
688543.SH,国科军工,0
688545.SH,兴福电子,0
688548.SH,广钢气体,0
688191.SH,智洋创新,0
688175.SH,高凌信息,0
688176.SH,亚虹医药-U,0
688177.SH,百奥泰,0
688179.SH,阿拉丁,0
688561.SH,奇安信-U,0
688180.SH,君实生物-U,0
603599.SH,广信股份,0
603601.SH,再升科技,0
688184.SH,帕瓦股份,0
688186.SH,广大特材,0
605007.SH,五洲特纸,0
605005.SH,合兴股份,0
688558.SH,国盛智科,0
603995.SH,甬金股份,0
603993.SH,洛阳钼业,0
688187.SH,时代电气,0
603987.SH,康德莱,0
688557.SH,兰剑智能,0
603982.SH,泉峰汽车,0
603619.SH,中曼石油,0
688188.SH,柏楚电子,0
688189.SH,南新制药,0
688552.SH,航天南湖,0
688551.SH,科威尔,0
688550.SH,瑞联新材,0
000001.SZ,平安银行,0
301196.SZ,唯科科技,0
603338.SH,浙江鼎力,0
300444.SZ,双杰电气,0
300481.SZ,濮阳惠成,0
300480.SZ,光力科技,0
300471.SZ,厚普股份,0
300470.SZ,中密控股,0
300467.SZ,迅游科技,0
300463.SZ,迈克生物,0
300457.SZ,赢合科技,0
300455.SZ,航天智装,0
300453.SZ,三鑫医疗,0
300452.SZ,山河药辅,0
300447.SZ,全信股份,0
300446.SZ,航天智造,0
300445.SZ,康斯特,0
300443.SZ,金雷股份,0
300483.SZ,首华燃气,0
300439.SZ,美康生物,0
300435.SZ,中泰股份,0
300433.SZ,蓝思科技,0
300428.SZ,立中集团,0
300426.SZ,唐德影视,0
300420.SZ,五洋自控,0
300418.SZ,昆仑万维,0
300416.SZ,苏试试验,0
300415.SZ,伊之密,0
300414.SZ,中光防雷,0
300413.SZ,芒果超媒,0
300409.SZ,道氏技术,0
300408.SZ,三环集团,0
300482.SZ,万孚生物,0
300485.SZ,赛升药业,0
300181.SZ,佐力药业,0
300545.SZ,联得装备,0
300592.SZ,华凯易佰,0
300591.SZ,万里马,0
300589.SZ,江龙船艇,0
300587.SZ,天铁科技,0
300580.SZ,贝斯特,0
300575.SZ,中旗股份,0
300573.SZ,兴齐眼药,0
300572.SZ,安车检测,0
300566.SZ,激智科技,0
300560.SZ,中富通,0
300559.SZ,佳发教育,0
300558.SZ,贝达药业,0
300556.SZ,丝路视觉,0
300533.SZ,冰川网络,0
300487.SZ,蓝晓科技,0
300532.SZ,今天国际,0
300529.SZ,健帆生物,0
300525.SZ,博思软件,0
300522.SZ,世名科技,0
300516.SZ,久之洋,0
300514.SZ,友讯达,0
300507.SZ,苏奥传感,0
300503.SZ,昊志机电,0
300501.SZ,海顺新材,0
300498.SZ,温氏股份,0
300497.SZ,富祥药业,0
300494.SZ,盛天网络,0
300492.SZ,华图山鼎,0
300406.SZ,九强生物,0
300405.SZ,科隆股份,0
300402.SZ,宝色股份,0
300232.SZ,洲明科技,0
300289.SZ,利德曼,0
300288.SZ,朗玛信息,0
300286.SZ,安科瑞,0
300285.SZ,国瓷材料,0
300275.SZ,梅安森,0
300274.SZ,阳光电源,0
300263.SZ,隆华科技,0
300259.SZ,新天科技,0
300257.SZ,开山股份,0
300247.SZ,融捷健康,0
300241.SZ,瑞丰光电,0
300239.SZ,东宝生物,0
300234.SZ,开尔新材,0
300228.SZ,富瑞特装,0
300401.SZ,花园生物,0
300225.SZ,金力泰,0
300221.SZ,银禧科技,0
300219.SZ,鸿利智汇,0
300218.SZ,安利股份,0
300217.SZ,东方电热,0
300213.SZ,佳讯飞鸿,0
300200.SZ,高盟新材,0
300199.SZ,翰宇药业,0
300196.SZ,长海股份,0
300194.SZ,福安药业,0
300193.SZ,佳士科技,0
300190.SZ,维尔利,0
300188.SZ,国投智能,0
300291.SZ,百纳千成,0
300294.SZ,博雅生物,0
300298.SZ,三诺生物,0
300303.SZ,聚飞光电,0
300396.SZ,迪瑞医疗,0
300395.SZ,菲利华,0
300393.SZ,中来股份,0
300389.SZ,艾比森,0
300388.SZ,节能国祯,0
300387.SZ,富邦科技,0
300384.SZ,三联虹普,0
300375.SZ,鹏翎股份,0
300365.SZ,恒华科技,0
300360.SZ,炬华科技,0
300358.SZ,楚天科技,0
300357.SZ,我武生物,0
300354.SZ,东华测试,0
300351.SZ,永贵电器,0
300349.SZ,金卡智能,0
300347.SZ,泰格医药,0
300345.SZ,华民股份,0
300335.SZ,迪森股份,0
300334.SZ,津膜科技,0
300332.SZ,天壕能源,0
300326.SZ,凯利泰,0
300321.SZ,同大股份,0
300319.SZ,麦捷科技,0
300318.SZ,博晖创新,0
300317.SZ,珈伟新能,0
300315.SZ,掌趣科技,0
300304.SZ,云意电气,0
300595.SZ,欧普康视,0
300596.SZ,利安隆,0
300597.SZ,吉大通信,0
300825.SZ,阿尔特,0
300855.SZ,图南股份,0
300854.SZ,中兰环保,0
300852.SZ,四会富仕,0
300849.SZ,锦盛新材,0
300848.SZ,美瑞新材,0
300842.SZ,帝科股份,0
300841.SZ,康华生物,0
300838.SZ,浙江力诺,0
300837.SZ,浙矿股份,0
300836.SZ,佰奥智能,0
300833.SZ,浩洋股份,0
300832.SZ,新产业,0
300827.SZ,上能电气,0
300823.SZ,建科智能,0
300789.SZ,唐源电气,0
300821.SZ,东岳硅材,0
300818.SZ,耐普矿机,0
300815.SZ,玉禾田,0
300812.SZ,易天股份,0
300811.SZ,铂科新材,0
300808.SZ,久量股份,0
300804.SZ,广康生化,0
300802.SZ,矩子科技,0
300801.SZ,泰和科技,0
300800.SZ,力合科技,0
300797.SZ,钢研纳克,0
300796.SZ,贝斯美,0
300793.SZ,佳禾智能,0
300856.SZ,科思股份,0
300858.SZ,科拓生物,0
300861.SZ,美畅股份,0
300862.SZ,蓝盾光电,0
300932.SZ,三友联众,0
300931.SZ,通用电梯,0
300928.SZ,华安鑫创,0
300926.SZ,博俊科技,0
300910.SZ,瑞丰新材,0
300909.SZ,汇创达,0
300908.SZ,仲景食品,0
300906.SZ,日月明,0
300902.SZ,国安达,0
300900.SZ,广联航空,0
300897.SZ,山科智能,0
300895.SZ,铜牛信息,0
300893.SZ,松原安全,0
300890.SZ,翔丰华,0
300889.SZ,爱克股份,0
300888.SZ,稳健医疗,0
300887.SZ,谱尼测试,0
300886.SZ,华业香料,0
300884.SZ,狄耐克,0
300880.SZ,迦南智能,0
300877.SZ,金春股份,0
300873.SZ,海晨股份,0
300869.SZ,康泰医学,0
300867.SZ,圣元环保,0
300866.SZ,安克创新,0
300864.SZ,南大环境,0
300863.SZ,卡倍亿,0
300791.SZ,仙乐健康,0
300783.SZ,三只松鼠,0
300601.SZ,康泰生物,0
300634.SZ,彩讯股份,0
300677.SZ,英科医疗,0
300676.SZ,华大基因,0
300673.SZ,佩蒂股份,0
300669.SZ,沪宁股份,0
300668.SZ,杰恩设计,0
300665.SZ,飞鹿股份,0
300659.SZ,中孚信息,0
300658.SZ,延江股份,0
300653.SZ,正海生物,0
300652.SZ,雷迪克,0
300649.SZ,杭州园林,0
300645.SZ,正元智慧,0
300636.SZ,同和药业,0
300633.SZ,开立医疗,0
300779.SZ,惠城环保,0
300632.SZ,光莆股份,0
300631.SZ,久吾高科,0
300629.SZ,新劲刚,0
300628.SZ,亿联网络,0
300627.SZ,华测导航,0
300626.SZ,华瑞股份,0
300625.SZ,三雄极光,0
300620.SZ,光库科技,0
300617.SZ,安靠智电,0
300614.SZ,百川畅银,0
300612.SZ,宣亚国际,0
300610.SZ,晨化股份,0
300602.SZ,飞荣达,0
300679.SZ,电连技术,0
300680.SZ,隆盛科技,0
300681.SZ,英搏尔,0
300682.SZ,朗新集团,0
300777.SZ,中简科技,0
300774.SZ,倍杰特,0
300772.SZ,运达股份,0
300770.SZ,新媒股份,0
300765.SZ,新诺威,0
300761.SZ,立华股份,0
300760.SZ,迈瑞医疗,0
300756.SZ,金马游乐,0
300752.SZ,隆利科技,0
300751.SZ,迈为股份,0
300750.SZ,宁德时代,0
300749.SZ,顶固集创,0
300747.SZ,锐科激光,0
300743.SZ,天地数码,0
300741.SZ,华宝股份,0
300740.SZ,水羊股份,0
300737.SZ,科顺股份,0
300736.SZ,百邦科技,0
300729.SZ,乐歌股份,0
300717.SZ,华信新材,0
300705.SZ,九典制药,0
300702.SZ,天宇股份,0
300699.SZ,光威复材,0
300698.SZ,万马科技,0
300693.SZ,盛弘股份,0
300685.SZ,艾德生物,0
300684.SZ,中石科技,0
300182.SZ,捷成股份,0
300179.SZ,四方达,0
603323.SH,苏农银行,0
000978.SZ,桂林旅游,0
001323.SZ,慕思股份,0
001286.SZ,陕西能源,0
001260.SZ,坤泰股份,0
001238.SZ,浙江正特,0
001230.SZ,劲旅环境,0
001225.SZ,和泰机电,0
001219.SZ,青岛食品,0
001213.SZ,中铁特货,0
001210.SZ,金房能源,0
001205.SZ,盛航股份,0
001201.SZ,东瑞股份,0
000993.SZ,闽东电力,0
000983.SZ,山西焦煤,0
000975.SZ,山金国际,0
001335.SZ,信凯科技,0
000968.SZ,蓝焰控股,0
000966.SZ,长源电力,0
000963.SZ,华东医药,0
000960.SZ,锡业股份,0
000950.SZ,重药控股,0
000937.SZ,冀中能源,0
000933.SZ,神火股份,0
000927.SZ,中国铁物,0
000919.SZ,金陵药业,0
000910.SZ,大亚圣象,0
000902.SZ,新洋丰,0
000895.SZ,双汇发展,0
000885.SZ,城发环境,0
001331.SZ,胜通能源,0
001378.SZ,德冠新材,0
300174.SZ,元力股份,0
002043.SZ,兔宝宝,0
002142.SZ,宁波银行,0
002138.SZ,顺络电子,0
002128.SZ,电投能源,0
002111.SZ,威海广泰,0
002106.SZ,莱宝高科,0
002091.SZ,江苏国泰,0
002088.SZ,鲁阳节能,0
002078.SZ,太阳纸业,0
002064.SZ,华峰化学,0
002063.SZ,远光软件,0
002061.SZ,浙江交科,0
002060.SZ,广东建工,0
002053.SZ,云南能投,0
002039.SZ,黔源电力,0
001400.SZ,江顺科技,0
002033.SZ,丽江股份,0
002032.SZ,苏泊尔,0
002028.SZ,思源电气,0
002020.SZ,京新药业,0
002019.SZ,亿帆医药,0
002017.SZ,东信和平,0
002014.SZ,永新股份,0
002011.SZ,盾安环境,0
002007.SZ,华兰生物,0
002004.SZ,华邦健康,0
002003.SZ,伟星股份,0
002001.SZ,新和成,0
001965.SZ,招商公路,0
000883.SZ,湖北能源,0
000878.SZ,云南铜业,0
000869.SZ,张裕A,0
000157.SZ,中联重科,0
000538.SZ,云南白药,0
000537.SZ,中绿电,0
000513.SZ,丽珠集团,0
000498.SZ,山东路桥,0
000429.SZ,粤高速A,0
000426.SZ,兴业银锡,0
000425.SZ,徐工机械,0
000411.SZ,英特集团,0
000407.SZ,胜利股份,0
000404.SZ,长虹华意,0
000401.SZ,冀东水泥,0
000400.SZ,许继电气,0
000333.SZ,美的集团,0
000153.SZ,丰原药业,0
000848.SZ,承德露露,0
000090.SZ,天健集团,0
000089.SZ,深圳机场,0
000088.SZ,盐田港,0
000078.SZ,海王生物,0
000060.SZ,中金岭南,0
000059.SZ,华锦股份,0
000039.SZ,中集集团,0
000035.SZ,中国天楹,0
000030.SZ,富奥股份,0
000028.SZ,国药一致,0
000026.SZ,飞亚达,0
000019.SZ,深粮控股,0
000012.SZ,南玻A,0
000539.SZ,粤电力A,0
000543.SZ,皖能电力,0
000552.SZ,甘肃能化,0
000554.SZ,泰山石油,0
000830.SZ,鲁西化工,0
000825.SZ,太钢不锈,0
000807.SZ,云铝股份,0
000800.SZ,一汽解放,0
000792.SZ,盐湖股份,0
000789.SZ,万年青,0
000778.SZ,新兴铸管,0
000768.SZ,中航西飞,0
000751.SZ,锌业股份,0
000739.SZ,普洛药业,0
000738.SZ,航发控制,0
000731.SZ,四川美丰,0
000729.SZ,燕京啤酒,0
000726.SZ,鲁泰A,0
000725.SZ,京东方A,0
000708.SZ,中信特钢,0
000707.SZ,双环科技,0
000703.SZ,恒逸石化,0
000690.SZ,宝新能源,0
000682.SZ,东方电子,0
000651.SZ,格力电器,0
000650.SZ,仁和药业,0
000630.SZ,铜陵有色,0
000598.SZ,兴蓉环境,0
000593.SZ,德龙汇能,0
000591.SZ,太阳能,0
000589.SZ,贵州轮胎,0
002159.SZ,三特索道,0
002180.SZ,纳思达,0
002203.SZ,海亮股份,0
003017.SZ,大洋生物,0
300026.SZ,红日药业,0
300025.SZ,华星创业,0
300022.SZ,吉峰科技,0
300018.SZ,中元股份,0
300017.SZ,网宿科技,0
300016.SZ,北陆药业,0
300012.SZ,华测检测,0
300009.SZ,安科生物,0
300003.SZ,乐普医疗,0
300002.SZ,神州泰岳,0
300001.SZ,特锐德,0
003816.SZ,中国广核,0
003023.SZ,彩虹集团,0
003009.SZ,中天火箭,0
002830.SZ,名雕股份,0
002997.SZ,瑞鹄模具,0
002971.SZ,和远气体,0
002966.SZ,苏州银行,0
002958.SZ,青农商行,0
002948.SZ,青岛银行,0
002940.SZ,昂利康,0
002932.SZ,明德生物,0
002911.SZ,佛燃能源,0
002884.SZ,凌霄泵业,0
002876.SZ,三利谱,0
002867.SZ,周大生,0
002839.SZ,张家港行,0
002833.SZ,弘亚数控,0
300032.SZ,金龙机电,0
300034.SZ,钢研高纳,0
300037.SZ,新宙邦,0
300039.SZ,上海凯宝,0
300172.SZ,中电环保,0
300171.SZ,东富龙,0
300161.SZ,华中数控,0
300160.SZ,秀强股份,0
300151.SZ,昌红科技,0
300146.SZ,汤臣倍健,0
300145.SZ,中金环境,0
300136.SZ,信维通信,0
300133.SZ,华策影视,0
300129.SZ,泰胜风能,0
300124.SZ,汇川技术,0
300119.SZ,瑞普生物,0
300113.SZ,顺网科技,0
300112.SZ,万讯自控,0
300110.SZ,华仁药业,0
300105.SZ,龙源技术,0
300101.SZ,振芯科技,0
300095.SZ,华伍股份,0
300092.SZ,科新机电,0
300079.SZ,数码视讯,0
300066.SZ,三川智慧,0
300062.SZ,中能电气,0
300055.SZ,万邦达,0
300054.SZ,鼎龙股份,0
300049.SZ,福瑞股份,0
300048.SZ,合康新能,0
300041.SZ,回天新材,0
002831.SZ,裕同科技,0
002818.SZ,富森美,0
002215.SZ,诺普信,0
002293.SZ,罗莱生活,0
002454.SZ,松芝股份,0
002440.SZ,闰土股份,0
002415.SZ,海康威视,0
002393.SZ,力生制药,0
002386.SZ,天原股份,0
002352.SZ,顺丰控股,0
002349.SZ,精华制药,0
002327.SZ,富安娜,0
002318.SZ,久立特材,0
002311.SZ,海大集团,0
002304.SZ,洋河股份,0
002295.SZ,精艺股份,0
002294.SZ,信立泰,0
002275.SZ,桂林三金,0
002807.SZ,江阴银行,0
002274.SZ,华昌化工,0
002267.SZ,陕天然气,0
002266.SZ,浙富控股,0
002262.SZ,恩华药业,0
002258.SZ,利尔化学,0
002252.SZ,上海莱士,0
002241.SZ,歌尔股份,0
002237.SZ,恒邦股份,0
002233.SZ,塔牌集团,0
002228.SZ,合兴包装,0
002226.SZ,江南化工,0
002223.SZ,鱼跃医疗,0
002221.SZ,东华能源,0
002461.SZ,珠江啤酒,0
002462.SZ,嘉事堂,0
002465.SZ,海格通信,0
002475.SZ,立讯精密,0
002788.SZ,鹭燕医药,0
002783.SZ,凯龙股份,0
002753.SZ,永东股份,0
002737.SZ,葵花药业,0
002731.SZ,萃华珠宝,0
002726.SZ,龙大美食,0
002714.SZ,牧原股份,0
002705.SZ,新宝股份,0
002701.SZ,奥瑞金,0
002683.SZ,广东宏大,0
002623.SZ,亚玛顿,0
002608.SZ,江苏国信,0
002601.SZ,龙佰集团,0
002597.SZ,金禾实业,0
002595.SZ,豪迈科技,0
002573.SZ,清新环境,0
002558.SZ,巨人网络,0
002545.SZ,东方铁塔,0
002540.SZ,亚太科技,0
002539.SZ,云图控股,0
002532.SZ,天山铝业,0
002521.SZ,齐峰新材,0
002511.SZ,中顺洁柔,0
002508.SZ,老板电器,0
002507.SZ,涪陵榨菜,0
002493.SZ,荣盛石化,0
002478.SZ,常宝股份,0
300939.SZ,秋田微,0
300940.SZ,南极光,0
300948.SZ,冠中生态,0
600742.SH,一汽富维,0
600874.SH,创业环保,0
600873.SH,梅花生物,0
600871.SH,石化油服,0
600867.SH,通化东宝,0
600863.SH,内蒙华电,0
600820.SH,隧道股份,0
600803.SH,新奥股份,0
600795.SH,国电电力,0
600780.SH,通宝能源,0
600773.SH,西藏城投,0
600757.SH,长江传媒,0
600755.SH,厦门国贸,0
600750.SH,江中药业,0
600741.SH,华域汽车,0
600886.SH,国投电力,0
600740.SH,山西焦化,0
600737.SH,中粮糖业,0
600731.SH,湖南海利,0
600720.SH,中交设计,0
600717.SH,天津港,0
600713.SH,南京医药,0
600704.SH,物产中大,0
600699.SH,均胜电子,0
600690.SH,海尔智家,0
600688.SH,上海石化,0
600681.SH,百川能源,0
600674.SH,川投能源,0
600655.SH,豫园股份,0
600875.SH,东方电气,0
600887.SH,伊利股份,0
300957.SZ,贝泰妮,0
600941.SH,中国移动,0
601000.SH,唐山港,0
600998.SH,九州通,0
600997.SH,开滦股份,0
600993.SH,马应龙,0
600989.SH,宝丰能源,0
600987.SH,航民股份,0
600985.SH,淮北矿业,0
600977.SH,中国电影,0
600971.SH,恒源煤电,0
600970.SH,中材国际,0
600968.SH,海油发展,0
600956.SH,新天绿能,0
600955.SH,维远股份,0
600938.SH,中国海油,0
600888.SH,新疆众和,0
600929.SH,雪天盐业,0
600928.SH,西安银行,0
600926.SH,杭州银行,0
600925.SH,苏能股份,0
600919.SH,江苏银行,0
600917.SH,重庆燃气,0
600916.SH,中国黄金,0
600908.SH,无锡银行,0
600905.SH,三峡能源,0
600901.SH,江苏金租,0
600900.SH,长江电力,0
600897.SH,厦门空港,0
600894.SH,广日股份,0
600648.SH,外高桥,0
600642.SH,申能股份,0
600623.SH,华谊集团,0
600380.SH,健康元,0
600475.SH,华光环能,0
600469.SH,风神股份,0
600461.SH,洪城环境,0
600459.SH,贵研铂业,0
600452.SH,涪陵电力,0
600433.SH,冠豪高新,0
600428.SH,中远海特,0
600426.SH,华鲁恒升,0
600425.SH,青松建化,0
600409.SH,三友化工,0
600406.SH,国电南瑞,0
600395.SH,盘江股份,0
600388.SH,龙净环保,0
600377.SH,宁沪高速,0
600612.SH,老凤祥,0
600373.SH,中文传媒,0
600372.SH,中航机载,0
600362.SH,江西铜业,0
600359.SH,新农开发,0
600352.SH,浙江龙盛,0
600351.SH,亚宝药业,0
600350.SH,山东高速,0
600346.SH,恒力石化,0
600339.SH,中油工程,0
600332.SH,白云山,0
600330.SH,天通股份,0
600328.SH,中盐化工,0
600323.SH,瀚蓝环境,0
600483.SH,福能股份,0
600486.SH,扬农化工,0
600488.SH,津药药业,0
600489.SH,中金黄金,0
600596.SH,新安股份,0
600587.SH,新华医疗,0
600585.SH,海螺水泥,0
600583.SH,海油工程,0
600582.SH,天地科技,0
600578.SH,京能电力,0
600573.SH,惠泉啤酒,0
600572.SH,康恩贝,0
600563.SH,法拉电子,0
600557.SH,康缘药业,0
600551.SH,时代出版,0
600549.SH,厦门钨业,0
600548.SH,深高速,0
600547.SH,山东黄金,0
600546.SH,山煤国际,0
600535.SH,天士力,0
600528.SH,中铁工业,0
600522.SH,中天科技,0
600519.SH,贵州茅台,0
600512.SH,腾达建设,0
600511.SH,国药股份,0
600502.SH,安徽建工,0
600500.SH,中化国际,0
600499.SH,科达制造,0
600497.SH,驰宏锌锗,0
600496.SH,精工钢构,0
600495.SH,晋西车轴,0
601006.SH,大秦铁路,0
601009.SH,南京银行,0
601018.SH,宁波港,0
601975.SH,招商南油,0
603041.SH,美思德,0
603033.SH,三维股份,0
603022.SH,新通联,0
603020.SH,爱普股份,0
603013.SH,亚普股份,0
603008.SH,喜临门,0
601999.SH,出版传媒,0
601998.SH,中信银行,0
601997.SH,贵阳银行,0
601991.SH,大唐发电,0
601989.SH,中国重工,0
601988.SH,中国银行,0
601985.SH,中国核电,0
601966.SH,玲珑轮胎,0
601868.SH,中国能建,0
601965.SH,中国汽研,0
601963.SH,重庆银行,0
601958.SH,金钼股份,0
601939.SH,建设银行,0
601928.SH,凤凰传媒,0
601919.SH,中远海控,0
601916.SH,浙商银行,0
601900.SH,南方传媒,0
601899.SH,紫金矿业,0
601898.SH,中煤能源,0
601882.SH,海天精工,0
601880.SH,辽港股份,0
601877.SH,正泰电器,0
603059.SH,倍加洁,0
603071.SH,物产环能,0
603087.SH,甘李药业,0
603112.SH,华翔股份,0
603307.SH,扬州金泉,0
603303.SH,得邦照明,0
603301.SH,振德医疗,0
603299.SH,苏盐井神,0
603298.SH,杭叉集团,0
603291.SH,联合水务,0
603288.SH,海天味业,0
603276.SH,恒兴新材,0
603257.SH,中国瑞林,0
603235.SH,天新药业,0
603230.SH,内蒙新华,0
603210.SH,泰鸿万立,0
603208.SH,江山欧派,0
603203.SH,快克智能,0
603202.SH,天有为,0
603195.SH,公牛集团,0
603194.SH,中力股份,0
603187.SH,海容冷链,0
603170.SH,宝立食品,0
603167.SH,渤海轮渡,0
603162.SH,海通发展,0
603156.SH,养元饮品,0
603151.SH,邦基科技,0
603137.SH,恒尚节能,0
603124.SH,江南新材,0
603120.SH,肯特催化,0
603113.SH,金能科技,0
601872.SH,招商轮船,0
601857.SH,中国石油,0
601021.SH,春秋航空,0
601163.SH,三角轮胎,0
601298.SH,青岛港,0
601288.SH,农业银行,0
601229.SH,上海银行,0
601228.SH,广州港,0
601225.SH,陕西煤业,0
601222.SH,林洋能源,0
601208.SH,东材科技,0
601200.SH,上海环境,0
601199.SH,江南水务,0
601187.SH,厦门银行,0
601169.SH,北京银行,0
601168.SH,西部矿业,0
601166.SH,兴业银行,0
601158.SH,重庆水务,0
601838.SH,成都银行,0
601139.SH,深圳燃气,0
601128.SH,常熟银行,0
601121.SH,宝地矿业,0
601117.SH,中国化学,0
601111.SH,中国国航,0
601098.SH,中南传媒,0
601089.SH,福元医药,0
601088.SH,中国神华,0
601077.SH,渝农商行,0
601065.SH,江盐集团,0
601061.SH,中信金属,0
601058.SH,赛轮轮胎,0
601033.SH,永兴股份,0
601326.SH,秦港股份,0
601328.SH,交通银行,0
601330.SH,绿色动力,0
601368.SH,绿城水务,0
601827.SH,三峰环境,0
601825.SH,沪农商行,0
601818.SH,光大银行,0
601816.SH,京沪高铁,0
601808.SH,中海油服,0
601718.SH,际华集团,0
601717.SH,郑煤机,0
601702.SH,华峰铝业,0
601699.SH,潞安环能,0
601686.SH,友发集团,0
601678.SH,滨化股份,0
601677.SH,明泰铝业,0
601669.SH,中国电建,0
601668.SH,中国建筑,0
601666.SH,平煤股份,0
601665.SH,齐鲁银行,0
601658.SH,邮储银行,0
601607.SH,上海医药,0
601601.SH,中国太保,0
601600.SH,中国铝业,0
601598.SH,中国外运,0
601577.SH,长沙银行,0
601568.SH,北元集团,0
601528.SH,瑞丰银行,0
601518.SH,吉林高速,0
601398.SH,工商银行,0
601369.SH,陕鼓动力,0
600315.SH,上海家化,0
600309.SH,万华化学,0
600305.SH,恒顺醋业,0
301195.SZ,北路智控,0
301239.SZ,普瑞眼科,0
301237.SZ,和顺科技,0
301235.SZ,华康洁净,0
301234.SZ,五洲医疗,0
301233.SZ,盛帮股份,0
301229.SZ,纽泰格,0
301227.SZ,森鹰窗业,0
301223.SZ,中荣股份,0
301217.SZ,铜冠铜箔,0
301216.SZ,万凯新材,0
301215.SZ,中汽股份,0
301203.SZ,国泰环保,0
301200.SZ,大族数控,0
301193.SZ,家联科技,0
301148.SZ,嘉戎技术,0
301192.SZ,泰祥股份,0
301188.SZ,力诺药包,0
301186.SZ,超达装备,0
301185.SZ,鸥玛软件,0
301179.SZ,泽宇智能,0
301177.SZ,迪阿股份,0
301175.SZ,中科环保,0
301173.SZ,毓恬冠佳,0
301170.SZ,锡南科技,0
301168.SZ,通灵股份,0
301167.SZ,建研设计,0
301166.SZ,优宁维,0
301158.SZ,德石股份,0
301246.SZ,宏源药业,0
301257.SZ,普蕊斯,0
301262.SZ,海看股份,0
301263.SZ,泰恩康,0
301331.SZ,恩威医药,0
301330.SZ,熵基科技,0
301328.SZ,维峰电子,0
301327.SZ,华宝新能,0
301323.SZ,新莱福,0
301322.SZ,绿通科技,0
301320.SZ,豪江智能,0
301319.SZ,唯特偶,0
301318.SZ,维海德,0
301313.SZ,凡拓数创,0
301310.SZ,鑫宏业,0
301309.SZ,万得凯,0
301307.SZ,美利信,0
301305.SZ,朗坤环境,0
301303.SZ,真兰仪表,0
301293.SZ,三博脑科,0
301291.SZ,明阳电气,0
301290.SZ,东星医疗,0
301286.SZ,侨源股份,0
301285.SZ,鸿日达,0
301283.SZ,聚胶股份,0
301282.SZ,金禄电子,0
301276.SZ,嘉曼服饰,0
301273.SZ,瑞晨环保,0
301272.SZ,英华特,0
301270.SZ,汉仪股份,0
301265.SZ,华新环保,0
301150.SZ,中一科技,0
301131.SZ,聚赛龙,0
301333.SZ,诺思格,0
301002.SZ,崧盛股份,0
301039.SZ,中集车辆,0
301037.SZ,保立佳,0
301035.SZ,润丰股份,0
301033.SZ,迈普医学,0
301031.SZ,中熔电气,0
301029.SZ,怡合达,0
301028.SZ,东亚机械,0
301019.SZ,宁波色母,0
301015.SZ,百洋医药,0
301013.SZ,利和兴,0
301012.SZ,扬电科技,0
301006.SZ,迈拓股份,0
301004.SZ,嘉益股份,0
300999.SZ,金龙鱼,0
301130.SZ,西点药业,0
300998.SZ,宁波方正,0
300993.SZ,玉马科技,0
300992.SZ,泰福泵业,0
300989.SZ,蕾奥规划,0
300987.SZ,川网传媒,0
300986.SZ,志特新材,0
300983.SZ,尤安设计,0
300982.SZ,苏文电能,0
300980.SZ,祥源新材,0
300979.SZ,华利集团,0
300973.SZ,立高食品,0
300962.SZ,中金辐照,0
300958.SZ,建工修复,0
301040.SZ,中环海陆,0
301042.SZ,安联锐视,0
301043.SZ,绿岛风,0
301045.SZ,天禄科技,0
301128.SZ,强瑞技术,0
301127.SZ,天源环保,0
301122.SZ,采纳股份,0
301113.SZ,雅艺科技,0
301111.SZ,粤万年青,0
301107.SZ,瑜欣电子,0
301106.SZ,骏成科技,0
301105.SZ,鸿铭股份,0
301103.SZ,何氏眼科,0
301098.SZ,金埔园林,0
301096.SZ,百诚医药,0
301093.SZ,华兰股份,0
301092.SZ,争光股份,0
301088.SZ,戎美股份,0
301087.SZ,可孚医疗,0
301083.SZ,百胜智能,0
301081.SZ,严牌股份,0
301080.SZ,百普赛斯,0
301072.SZ,中捷精工,0
301069.SZ,凯盛新材,0
301068.SZ,大地海洋,0
301062.SZ,上海艾录,0
301057.SZ,汇隆新材,0
301056.SZ,森赫股份,0
301051.SZ,信濠光电,0
301047.SZ,义翘神州,0
301046.SZ,能辉科技,0
301332.SZ,德尔玛,0
301338.SZ,凯格精机,0
600299.SH,安迪苏,0
600035.SH,楚天高速,0
600089.SH,特变电工,0
600079.SH,人福医药,0
600075.SH,新疆天业,0
600073.SH,光明肉业,0
600064.SH,南京高科,0
600062.SH,华润双鹤,0
600059.SH,古越龙山,0
600055.SH,万东医疗,0
600054.SH,黄山旅游,0
600051.SH,宁波联合,0
600038.SH,中直股份,0
600037.SH,歌华有线,0
600036.SH,招商银行,0
600033.SH,福建高速,0
600012.SH,皖通高速,0
600031.SH,三一重工,0
600029.SH,南方航空,0
600028.SH,中国石化,0
600027.SH,华电国际,0
600026.SH,中远海能,0
600025.SH,华能水电,0
600023.SH,浙能电力,0
600022.SH,山东钢铁,0
600021.SH,上海电力,0
600020.SH,中原高速,0
600019.SH,宝钢股份,0
600018.SH,上港集团,0
600016.SH,民生银行,0
600096.SH,云天化,0
600098.SH,广州发展,0
600115.SH,中国东航,0
600116.SH,三峡水利,0
600298.SH,安琪酵母,0
600284.SH,浦东建设,0
600282.SH,南钢股份,0
600276.SH,恒瑞医药,0
600269.SH,赣粤高速,0
600267.SH,海正药业,0
600258.SH,首旅酒店,0
600256.SH,广汇能源,0
600251.SH,冠农股份,0
600236.SH,桂冠电力,0
600235.SH,民丰特纸,0
600233.SH,圆通速递,0
600232.SH,金鹰股份,0
600229.SH,城市传媒,0
600219.SH,南山铝业,0
600201.SH,生物股份,0
600195.SH,中牧股份,0
600188.SH,兖矿能源,0
600177.SH,雅戈尔,0
600176.SH,中国巨石,0
600169.SH,太原重工,0
600166.SH,福田汽车,0
600161.SH,天坛生物,0
600150.SH,中国船舶,0
600141.SH,兴发集团,0
600138.SH,中青旅,0
600123.SH,兰花科创,0
600015.SH,华夏银行,0
600011.SH,华能国际,0
301339.SZ,通行宝,0
301391.SZ,卡莱特,0
301501.SZ,恒鑫生活,0
301500.SZ,飞南资源,0
301498.SZ,乖宝宠物,0
301489.SZ,思泉新材,0
301479.SZ,弘景光电,0
301469.SZ,恒达新材,0
301468.SZ,博盈特焊,0
301448.SZ,开创电气,0
301439.SZ,泓淋电力,0
301429.SZ,森泰股份,0
301413.SZ,安培龙,0
301408.SZ,华人健康,0
301397.SZ,溯联股份,0
301386.SZ,未来电器,0
600009.SH,上海机场,0
301381.SZ,赛维时代,0
301379.SZ,天山电子,0
301376.SZ,致欧科技,0
301373.SZ,凌玮科技,0
301372.SZ,科净源,0
301371.SZ,敷尔佳,0
301367.SZ,怡和嘉业,0
301363.SZ,美好医疗,0
301362.SZ,民爆光电,0
301360.SZ,荣旗科技,0
301356.SZ,天振股份,0
301355.SZ,南王科技,0
301345.SZ,涛涛车业,0
301505.SZ,苏州规划,0
301515.SZ,港通医疗,0
301518.SZ,长华化学,0
301520.SZ,万邦医药,0
600008.SH,首创环保,0
600007.SH,中国国贸,0
600004.SH,白云机场,0
600000.SH,浦发银行,0
301665.SZ,泰禾股份,0
301662.SZ,C宏工,0
301658.SZ,首航新能,0
301633.SZ,港迪技术,0
301631.SZ,壹连科技,0
301626.SZ,苏州天脉,0
301622.SZ,英思特,0
301617.SZ,博苑股份,0
301616.SZ,浙江华业,0
301603.SZ,乔锋智能,0
301601.SZ,惠通科技,0
301598.SZ,博科测试,0
301589.SZ,诺瓦星云,0
301581.SZ,黄山谷捷,0
301567.SZ,贝隆精密,0
301559.SZ,中集环科,0
301557.SZ,常友科技,0
301548.SZ,崇德科技,0
301539.SZ,宏鑫科技,0
301535.SZ,浙江华远,0
301526.SZ,国际复材,0
301525.SZ,儒竞科技,0
301522.SZ,上大股份,0
689009.SH,九号公司-WD,0
